strain,stage,hour,medianLength,medianWidth
dpy-1,L1,1,242.36003534,16.702932489210525
dpy-1,L1,1,237.34670789,16.448923411153846
dpy-1,L1,1,241.52448076500002,16.59157400065915
dpy-1,L1,1,239.01781704,16.93448344756097
dpy-1,L1,1,249.04447194,16.50637784547619
dpy-1,L1,1,238.182262465,16.083664102707104
dpy-1,L1,1,242.36003534,16.551920994634145
dpy-1,L1,1,239.01781704,17.033881370598213
dpy-1,L1,1,243.195589915,17.778916754975043
dpy-1,L1,1,231.49782586499998,15.342337566471732
dpy-1,L1,1,234.00448959,15.72058335654315
dpy-1,L1,1,240.68892619,17.066558580119047
dpy-1,L1,1,249.04447194,16.67612958324675
dpy-1,L1,1,246.53780821499998,16.90528762283213
dpy-1,L1,1,242.36003534,17.052194971538455
dpy-1,L1,1,240.68892619,17.37487510848837
dpy-1,L1,1,240.68892619,17.02596577326087
dpy-1,L1,1,244.866699065,16.692613370414474
dpy-1,L1,1,237.34670789,17.490937924545456
dpy-1,L1,1,238.182262465,17.12952463168743
dpy-1,L1,1,242.36003534,17.010106258023256
dpy-1,L1,1,242.36003534,16.624559435063293
dpy-1,L1,2,249.04447194,17.168957209032257
dpy-1,L1,2,250.71558109,16.8083192343617
dpy-1,L1,2,245.70225364,15.179972887586203
dpy-1,L1,2,239.01781704,16.474594541382974
dpy-1,L1,2,249.04447194,17.62044514920412
dpy-1,L1,2,244.03114449,16.976546633014042
dpy-1,L1,2,244.03114449,17.187931072625
dpy-1,L1,2,249.880026515,17.251012294482607
dpy-1,L1,2,235.67559874,16.857198103535353
dpy-1,L1,2,250.71558109,16.381893237777778
dpy-1,L1,2,240.68892619000002,16.297686453132137
dpy-1,L1,2,249.04447194,17.370305228464243
dpy-1,L1,2,254.05779939,16.270847309319535
dpy-1,L1,2,251.551135665,16.891542764069186
dpy-1,L1,2,247.37336279,17.56083569892157
dpy-1,L1,2,249.04447194,16.24326265193182
dpy-1,L1,2,250.71558109,16.762968258252798
dpy-1,L1,2,248.208917365,16.83781811347321
dpy-1,L1,2,244.86669906499998,16.15806033739698
dpy-1,L1,2,244.03114449,16.26975248193517
dpy-1,L1,2,254.05779938999999,17.53777219712841
dpy-1,L1,2,245.70225364,16.401314511729048
dpy-1,L1,3,244.03114449,16.92651339645833
dpy-1,L1,3,249.880026515,16.435191987287485
dpy-1,L1,3,251.551135665,15.89592448080128
dpy-1,L1,3,245.70225364,16.736195582765568
dpy-1,L1,3,245.70225364,16.417826938969068
dpy-1,L1,3,260.74223599000004,16.5213159984
dpy-1,L1,3,250.71558109,16.30356584416979
dpy-1,L1,3,246.53780821499998,17.196356555219218
dpy-1,L1,3,249.04447194,16.930184993033706
dpy-1,L1,3,254.05779938999999,16.95059134031579
dpy-1,L1,3,252.38669024,16.24783289102564
dpy-1,L1,3,264.08445429,16.80256536034483
dpy-1,L1,3,266.591118015,17.376864756763634
dpy-1,L1,3,252.38669024,16.684986195652172
dpy-1,L1,3,264.08445429,16.94573528441176
dpy-1,L1,3,245.70225364,16.879831668571427
dpy-1,L1,3,249.04447194,16.906828330481925
dpy-1,L1,3,262.41334514,16.31965093392857
dpy-1,L1,3,257.40001769,16.90472859011111
dpy-1,L1,3,252.38669024,16.95621995056818
dpy-1,L1,3,254.89335396500002,16.733029919032347
dpy-1,L1,3,256.564463115,16.85599941801864
dpy-1,L1,4,260.74223599000004,17.633529384272727
dpy-1,L1,4,260.74223599000004,17.430517814491523
dpy-1,L1,4,259.07112684000003,16.85347022223529
dpy-1,L1,4,259.07112684000003,17.976541062394443
dpy-1,L1,4,263.248899715,17.19825019142105
dpy-1,L1,4,250.71558109,17.029213197809526
dpy-1,L1,4,262.41334514,17.04529966683662
dpy-1,L1,4,257.40001769,17.052194971538455
dpy-1,L1,4,259.07112684000003,17.097858795058173
dpy-1,L1,4,264.08445429,16.855737873533023
dpy-1,L1,4,260.74223599000004,17.0898994440625
dpy-1,L1,4,267.42667259,16.879831668571427
dpy-1,L1,4,260.74223599000004,16.82310450556962
dpy-1,L1,4,264.08445429,16.95059134031579
dpy-1,L1,4,269.09778173999996,16.879831668571427
dpy-1,L1,4,260.74223599000004,17.10642162865168
dpy-1,L1,4,259.07112684000003,16.5213159984
dpy-1,L1,4,259.90668141500004,17.073380378926647
dpy-1,L1,4,259.90668141500004,17.30470517619984
dpy-1,L1,4,267.42667259,17.052194971538455
dpy-1,L1,4,268.262227165,17.309295195480054
dpy-1,L1,4,265.75556344,17.811368171123593
dpy-1,L1,5,269.09778173999996,17.51234343213795
dpy-1,L1,5,257.40001769,16.879831668571427
dpy-1,L1,5,274.11110919,17.388615349278197
dpy-1,L1,5,264.08445429,17.280803141789473
dpy-1,L1,5,258.23557226500003,17.493559091084556
dpy-1,L1,5,262.41334514000005,17.32920034299741
dpy-1,L1,5,265.75556344,17.776120843999998
dpy-1,L1,5,269.93333631499996,17.100813566883517
dpy-1,L1,5,264.08445429,17.227120175265235
dpy-1,L1,5,259.07112684000003,17.3908737422807
dpy-1,L1,5,280.79554579,17.596128345655735
dpy-1,L1,5,275.78221834,17.743443634479167
dpy-1,L1,5,269.09778173999996,17.0898994440625
dpy-1,L1,5,279.12443664,17.82513665828125
dpy-1,L1,5,277.45332749,17.526916751984874
dpy-1,L1,5,278.288882065,17.95686761262877
dpy-1,L1,5,280.79554579,17.041325213693693
dpy-1,L1,5,267.42667259,17.9329714497
dpy-1,L1,5,271.60444546499997,17.9099726102975
dpy-1,L1,5,270.76889088999997,17.70999411147876
dpy-1,L1,5,271.60444546499997,17.144924703464135
dpy-1,L1,5,283.302209515,17.303389161092742
dpy-1,L1,6,284.13776409,18.171780029549545
dpy-1,L1,6,277.45332749,18.41333079554333
dpy-1,L1,6,288.31553696500004,18.12892445569635
dpy-1,L1,6,291.657755265,18.71211924624606
dpy-1,L1,6,287.47998239000003,17.56083569892157
dpy-1,L1,6,295.83552814,18.32168816817391
dpy-1,L1,6,279.12443664,18.009203037784967
dpy-1,L1,6,284.13776409,17.91871230372727
dpy-1,L1,6,278.288882065,18.37002119567961
dpy-1,L1,6,281.631100365,17.620529360134746
dpy-1,L1,6,275.78221834,18.000193137857142
dpy-1,L1,6,284.13776409,17.407060595294116
dpy-1,L1,6,274.946663765,18.226843778743582
dpy-1,L1,6,282.46665494,18.140238321517856
dpy-1,L1,6,287.47998239000003,17.299967219553572
dpy-1,L1,6,282.46665494,17.504648641826922
dpy-1,L1,6,287.47998239000003,18.066096753697476
dpy-1,L1,6,274.946663765,17.70713562390046
dpy-1,L1,6,279.959991215,17.751901733814705
dpy-1,L1,6,295.83552814,18.00019313785714
dpy-1,L1,6,280.79554579,16.80404251035504
dpy-1,L1,6,282.46665494,17.98931584203883
dpy-1,L1,7,282.46665494,19.130928324451055
dpy-1,L1,7,277.45332749,17.953385583210434
dpy-1,L1,7,287.47998239000003,18.41514183018518
dpy-1,L1,7,291.657755265,19.121151894344926
dpy-1,L1,7,297.50663728999996,18.307389024596773
dpy-1,L1,7,285.80887324,18.459230128745038
dpy-1,L1,7,291.657755265,18.285631508955902
dpy-1,L1,7,292.49330984,18.10792020221154
dpy-1,L1,7,292.49330984,18.730863661304348
dpy-1,L1,7,288.315536965,19.077644174098154
dpy-1,L1,7,304.19107389,18.310284295633885
dpy-1,L1,7,292.49330984,18.519208171659166
dpy-1,L1,7,280.79554579,18.236599686422014
dpy-1,L1,7,294.16441899,18.298956196333332
dpy-1,L1,7,294.999973565,19.05809666066614
dpy-1,L1,7,293.328864415,18.051045970747932
dpy-1,L1,7,289.15109154000004,17.884293675517238
dpy-1,L1,7,302.51996474,18.669345698896812
dpy-1,L1,7,289.15109154000004,17.970449028053096
dpy-1,L1,7,292.49330984,18.62465690762295
dpy-1,L1,7,280.79554579,18.331806012743492
dpy-1,L1,7,295.83552813999995,18.14021768110759
dpy-1,L1,8,294.16441899,19.26059979080357
dpy-1,L1,8,310.87551049,18.899745502031205
dpy-1,L1,8,311.711065065,18.16586935575338
dpy-1,L1,8,297.50663728999996,19.359664200956487
dpy-1,L1,8,284.973318665,18.390184065728736
dpy-1,L1,8,289.986646115,18.975364521217557
dpy-1,L1,8,287.47998239000003,19.17508266959819
dpy-1,L1,8,298.342191865,19.309553638189396
dpy-1,L1,8,295.83552814,18.38686656530973
dpy-1,L1,8,285.80887324,19.763101837156125
dpy-1,L1,8,287.47998239000003,18.755405711247008
dpy-1,L1,8,285.80887324,18.83221905868528
dpy-1,L1,8,302.51996474,19.02560871991525
dpy-1,L1,8,301.684410165,18.93454679795036
dpy-1,L1,8,289.986646115,19.398981071292077
dpy-1,L1,8,289.15109154000004,18.837416687587407
dpy-1,L1,8,300.84885558999997,19.63166165759386
dpy-1,L1,8,294.16441899,19.71277395714987
dpy-1,L1,8,302.51996474,19.331220866324784
dpy-1,L1,8,295.83552814,19.063100172820512
dpy-1,L1,8,287.47998239000003,19.601824433345307
dpy-1,L1,8,296.671082715,19.271096195278567
dpy-1,L1,9,292.49330984,19.998171091416662
dpy-1,L1,9,295.83552813999995,19.768814073647796
dpy-1,L1,9,300.01330101499997,19.78169968125311
dpy-1,L1,9,310.87551049,18.821791548666663
dpy-1,L1,9,302.51996474,20.505066341544715
dpy-1,L1,9,292.49330984,19.192007568461715
dpy-1,L1,9,300.01330101499997,19.70557133236185
dpy-1,L1,9,305.86218304,18.67241001942857
dpy-1,L1,9,298.34219186499996,20.390697021520243
dpy-1,L1,9,318.395501665,19.16256816224107
dpy-1,L1,9,294.16441899,19.68560647860869
dpy-1,L1,9,300.84885558999997,19.412822816521736
dpy-1,L1,9,301.684410165,19.528157915039102
dpy-1,L1,9,302.51996474,18.19790398537815
dpy-1,L1,9,305.86218304,19.920812799489795
dpy-1,L1,9,313.382174215,19.15290918827902
dpy-1,L1,9,318.395501665,19.32524483064696
dpy-1,L1,9,304.19107389,19.49844104622786
dpy-1,L1,9,315.88883794000003,19.388810170211265
dpy-1,L1,9,280.79554579,18.710040480992365
dpy-1,L1,9,320.90216539,19.494008430238093
dpy-1,L1,9,302.51996474,19.564995520578513
dpy-1,L1,10,320.90216539,21.049524789043478
dpy-1,L1,10,309.20440134,19.50688614827586
dpy-1,L1,10,309.20440134,20.0308483009375
dpy-1,L1,10,322.57327454,20.605205388527605
dpy-1,L1,10,300.84885558999997,19.103318276846153
dpy-1,L1,10,320.90216539,19.420409774701206
dpy-1,L1,10,304.19107389,20.001522600085465
dpy-1,L1,10,305.86218304,20.760107976829264
dpy-1,L1,10,302.51996474,19.046481121570245
dpy-1,L1,10,284.13776409,19.862295896096832
dpy-1,L1,10,295.83552814,20.0201149109489
dpy-1,L1,10,300.01330101499997,20.147774945735044
dpy-1,L1,10,296.671082715,19.95723427772071
dpy-1,L1,10,300.84885558999997,20.1913425600885
dpy-1,L1,10,310.87551049,19.883756149233047
dpy-1,L1,10,302.51996474,18.02708181312
dpy-1,L1,10,314.21772879,20.04058654218543
dpy-1,L1,10,315.88883794000003,20.417815255789474
dpy-1,L1,10,309.20440134,20.078282959919353
dpy-1,L1,10,312.54661964,19.986288469772724
dpy-1,L1,10,315.05328336499997,19.413855383945794
dpy-1,L1,10,314.21772879,20.472395718842975
dpy-1,L2,18,359.33767584,20.342767119090905
dpy-1,L2,18,367.69322159,21.267914089940476
dpy-1,L2,18,357.66656668999997,21.39841659994475
dpy-1,L2,18,362.67989414,21.3265376551938
dpy-1,L2,18,342.62658434,19.385903376184206
dpy-1,L2,18,335.106593165,20.481692037390893
dpy-1,L2,18,354.32434838999995,21.30322772865285
dpy-1,L2,18,349.31102094,20.233081380839163
dpy-1,L2,18,367.69322159,21.15757546038961
dpy-1,L2,18,350.98213008999994,20.860490496895494
dpy-1,L2,18,359.33767584,21.115520836322577
dpy-1,L2,18,370.199885315,21.166676607776104
dpy-1,L2,18,349.31102094,21.902662908900396
dpy-1,L2,18,362.67989414,20.880667938151376
dpy-1,L2,18,361.00878499,20.87469227118722
dpy-1,L2,18,372.70654904,21.71917079284722
dpy-1,L2,18,351.817684665,20.939259446968144
dpy-1,L2,18,352.65323924,20.995263268060874
dpy-1,L2,18,347.63991179,21.021305789517243
dpy-1,L2,18,355.159902965,21.325541878159484
dpy-1,L2,18,349.31102094,21.044746461033128
dpy-1,L2,18,362.67989414,21.967151907653772
dpy-1,L2,19,352.65323924,22.061186026428004
dpy-1,L2,19,359.33767584,21.375641154294872
dpy-1,L2,19,355.99545753999996,21.405213289607843
dpy-1,L2,19,350.98213009,21.22296131493827
dpy-1,L2,19,357.66656668999997,22.127460227935483
dpy-1,L2,19,355.99545753999996,21.06231248381789
dpy-1,L2,19,370.199885315,21.143787629962574
dpy-1,L2,19,356.831012115,22.780556233981077
dpy-1,L2,19,349.31102094,20.910370808968803
dpy-1,L2,19,337.61325689,22.63541411862745
dpy-1,L2,19,340.95547519,21.68138082265306
dpy-1,L2,19,362.67989414,21.730758455797872
dpy-1,L2,19,366.02211244,22.045942888055556
dpy-1,L2,19,372.70654904,22.57789898762462
dpy-1,L2,19,372.70654904,22.337297966809814
dpy-1,L2,19,356.83101211499996,21.6881839124314
dpy-1,L2,19,354.32434838999995,21.622967815912407
dpy-1,L2,19,370.199885315,21.57834758038839
dpy-1,L2,19,361.00878499,22.314776668510635
dpy-1,L2,19,361.00878499,21.554149316547715
dpy-1,L2,19,349.31102094,23.60200048428571
dpy-1,L2,19,351.817684665,21.571812484531133
dpy-1,L2,20,381.897649365,22.921296015825757
dpy-1,L2,20,366.02211244,21.910074565094455
dpy-1,L2,20,355.99545753999996,22.205509521559886
dpy-1,L2,20,347.63991179000004,21.132155052952008
dpy-1,L2,20,355.99545753999996,22.433525332269934
dpy-1,L2,20,357.66656668999997,22.193409269482906
dpy-1,L2,20,344.29769349000003,22.75585336062937
dpy-1,L2,20,361.00878499,22.975224837132867
dpy-1,L2,20,359.33767584,22.431042045419353
dpy-1,L2,20,347.63991179,22.70571130885714
dpy-1,L2,20,372.70654904,22.560624862574727
dpy-1,L2,20,365.186557865,21.790487030193972
dpy-1,L2,20,357.66656668999997,22.11065264225277
dpy-1,L2,20,364.35100329,22.566883909402172
dpy-1,L2,20,378.555431065,21.215691319399617
dpy-1,L2,20,361.844339565,22.70359741929245
dpy-1,L2,20,371.870994465,22.524155790205448
dpy-1,L2,20,356.83101211499996,21.901071223016956
dpy-1,L2,20,361.00878499,21.964549106098897
dpy-1,L2,20,371.870994465,22.508489989303015
dpy-1,L2,20,374.37765819,23.221903492221955
dpy-1,L2,20,367.69322159,21.82387841045161
dpy-1,L2,21,374.37765819000003,22.894403766842103
dpy-1,L2,21,379.39098563999994,24.23467519635294
dpy-1,L2,21,385.23986766499996,24.74476657776828
dpy-1,L2,21,362.67989414,23.50193159252727
dpy-1,L2,21,372.70654904,24.085529269291786
dpy-1,L2,21,357.66656668999997,22.36960286807143
dpy-1,L2,21,370.199885315,23.43094369936192
dpy-1,L2,21,372.70654903999997,22.649794168858556
dpy-1,L2,21,375.21321276500004,22.454963741921766
dpy-1,L2,21,349.31102094,22.98942874568345
dpy-1,L2,21,371.87099446499997,22.57907236858435
dpy-1,L2,21,379.39098564,24.325780990106196
dpy-1,L2,21,377.71987649000005,23.78872739583333
dpy-1,L2,21,382.73320393999995,23.63333926664335
dpy-1,L2,21,369.36433074,23.669901179393936
dpy-1,L2,21,388.582085965,23.621220958968948
dpy-1,L2,21,370.199885315,23.06406221998897
dpy-1,L2,21,382.73320393999995,23.138834290279327
dpy-1,L2,21,381.06209478999995,24.3638462834
dpy-1,L2,21,384.40431308999996,23.473223303908046
dpy-1,L2,21,392.75985884,25.37996542467391
dpy-1,L2,21,344.29769349000003,22.05191132815068
dpy-1,L2,22,378.555431065,24.040154587560508
dpy-1,L2,22,399.44429543999996,24.55168848690799
dpy-1,L2,22,386.91097681499997,25.18126801779635
dpy-1,L2,22,381.06209478999995,25.246924259999997
dpy-1,L2,22,377.71987649000005,23.097544534764396
dpy-1,L2,22,387.74653139,24.941130761183434
dpy-1,L2,22,395.266522565,24.203749640561156
dpy-1,L2,22,384.40431308999996,24.467089720063292
dpy-1,L2,22,375.213212765,24.7263737516233
dpy-1,L2,22,379.39098564,24.488001387658603
dpy-1,L2,22,396.937631715,24.94857524495599
dpy-1,L2,22,382.73320393999995,24.66011964972222
dpy-1,L2,22,375.21321276500004,23.6156634290331
dpy-1,L2,22,377.71987649000005,24.69800626945652
dpy-1,L2,22,397.77318629,25.941578846617645
dpy-1,L2,22,404.45762289000004,23.274703875280895
dpy-1,L2,22,380.226540215,23.36325287890518
dpy-1,L2,22,401.11540459,24.018324810576445
dpy-1,L2,22,356.83101211499996,22.865836563024168
dpy-1,L2,22,376.04876734,23.039622962448178
dpy-1,L2,22,394.43096799,24.39667547994186
dpy-1,L2,22,407.79984118999994,23.1284456364433
dpy-1,L2,23,396.10207714,25.55832397296153
dpy-1,L2,23,396.10207714,25.095815776666665
dpy-1,L2,23,406.964286615,24.262814779865096
dpy-1,L2,23,401.11540459,24.178418341671836
dpy-1,L2,23,399.44429544,23.772483233875
dpy-1,L2,23,402.78651374000003,27.09209621284848
dpy-1,L2,23,392.75985884,24.53139124857954
dpy-1,L2,23,389.41764054,25.540723238218817
dpy-1,L2,23,382.73320393999995,25.31761311817278
dpy-1,L2,23,411.14205948999995,25.22271756121359
dpy-1,L2,23,401.95095916500003,26.32180228097027
dpy-1,L2,23,415.319832365,25.30432357007829
dpy-1,L2,23,411.14205948999995,25.39176453001666
dpy-1,L2,23,417.82649609,24.712203386835846
dpy-1,L2,23,422.83982354,26.07997643988235
dpy-1,L2,23,395.266522565,25.768700489888822
dpy-1,L2,23,390.253195115,26.02337731964831
dpy-1,L2,23,412.81316863999996,27.54363583531818
dpy-1,L2,23,407.79984118999994,25.817964053370165
dpy-1,L2,23,391.08874969,24.996237297949328
dpy-1,L2,23,411.14205949,24.64647907116226
dpy-1,L2,23,407.79984118999994,25.158430788922153
dpy-1,L2,24,422.83982354,26.954534582915507
dpy-1,L2,24,414.48427778999996,26.882833676925166
dpy-1,L2,24,425.346487265,27.225733331031968
dpy-1,L2,24,414.48427778999996,26.651569751902436
dpy-1,L2,24,406.12873204,26.21900505946385
dpy-1,L2,24,416.15538693999997,28.63500893092307
dpy-1,L2,24,399.44429544,26.509005805474086
dpy-1,L2,24,412.81316863999996,26.474199887363635
dpy-1,L2,24,394.43096799,25.21735802091039
dpy-1,L2,24,439.55091503999995,28.607396501293533
dpy-1,L2,24,421.16871439,27.469932139839024
dpy-1,L2,24,414.48427778999996,27.032243007530862
dpy-1,L2,24,411.14205949,26.906601989157522
dpy-1,L2,24,416.15538693999997,26.183950266294417
dpy-1,L2,24,400.27985001499997,25.01537956861538
dpy-1,L2,24,387.74653139,25.881579889999998
dpy-1,L2,24,408.63539576499994,26.25126102902266
dpy-1,L2,24,421.16871439,26.284463583953716
dpy-1,L2,24,411.14205948999995,24.849121248719648
dpy-1,L2,24,411.14205948999995,26.864229468382348
dpy-1,L2,24,419.49760524,26.55372204759615
dpy-1,L2,24,422.004268965,25.007788557399195
dpy-1,L2,25,421.16871439,28.08344636142857
dpy-1,L2,25,428.688705565,27.131948927551225
dpy-1,L2,25,416.15538693999997,27.932286480651925
dpy-1,L2,25,422.83982354,29.414890426376807
dpy-1,L2,25,438.715360465,27.282700702162433
dpy-1,L2,25,407.79984118999994,26.651569751902436
dpy-1,L2,25,430.35981471499997,28.462637455205783
dpy-1,L2,25,432.86647844000004,26.674075121754285
dpy-1,L2,25,414.48427778999996,27.805925630504586
dpy-1,L2,25,406.964286615,27.287702446064102
dpy-1,L2,25,414.48427778999996,26.743883735108696
dpy-1,L2,25,424.51093269,28.586956131308025
dpy-1,L2,25,412.81316864,25.92588258132904
dpy-1,L2,25,414.48427778999996,29.317641348983955
dpy-1,L2,25,440.386469615,28.010927090853514
dpy-1,L2,25,422.004268965,27.03608724069458
dpy-1,L2,25,422.83982354,27.585507930634922
dpy-1,L2,25,445.399797065,27.462203271824645
dpy-1,L2,25,413.648723215,25.474068168438546
dpy-1,L2,25,418.662050665,27.26653502289271
dpy-1,L2,25,427.017596415,26.017925688341816
dpy-1,L2,25,432.86647844000004,24.83529069179719
dpy-1,L2,26,444.56424248999997,30.470076840186046
dpy-1,L2,26,454.59089739,30.569248371406246
dpy-1,L2,26,449.57756994,28.673110292631574
dpy-1,L2,26,422.83982354,28.673110292631574
dpy-1,L2,26,417.82649609,28.061900948557692
dpy-1,L2,26,436.20869674,29.28127963444149
dpy-1,L2,26,424.51093269,30.162467644639175
dpy-1,L2,26,446.23535164,29.52585795856914
dpy-1,L2,26,451.24867909,29.872336279465017
dpy-1,L2,26,474.64420719,28.524244316557375
dpy-1,L2,26,441.22202418999996,28.415405315291004
dpy-1,L2,26,456.26200654,28.673110292631574
dpy-1,L2,26,460.439779415,29.437241463043062
dpy-1,L2,26,466.28866143999994,29.540690555620444
dpy-1,L2,26,419.49760524,27.592939847512437
dpy-1,L2,26,433.702033015,28.21671040988045
dpy-1,L2,26,417.82649609,29.14431961110619
dpy-1,L2,26,433.702033015,29.37332657590359
dpy-1,L2,26,451.24867909,28.718812308898624
dpy-1,L2,26,439.55091503999995,29.319707293054183
dpy-1,L2,26,447.90646079,29.22686053584362
dpy-1,L2,26,422.004268965,28.971056680404928
dpy-1,L3,30,447.90646079,28.967716333355227
dpy-1,L3,30,451.24867909,30.51239002684
dpy-1,L3,30,446.23535164,34.29928153783491
dpy-1,L3,30,467.95977058999995,28.25864692041152
dpy-1,L3,30,457.93311568999997,30.467437572926087
dpy-1,L3,30,462.110888565,30.245295291680446
dpy-1,L3,30,452.084233665,29.72803221414913
dpy-1,L3,30,472.13754346499996,29.881546366585848
dpy-1,L3,30,456.26200654,30.025406241523807
dpy-1,L3,30,456.26200654,29.80133394766666
dpy-1,L3,30,444.56424248999997,29.47423990950739
dpy-1,L3,30,476.31531634,29.607592928781724
dpy-1,L3,30,456.26200654,31.366309168521042
dpy-1,L3,30,453.75534281499995,32.06930892197747
dpy-1,L3,30,449.57756994,29.54959840765432
dpy-1,L3,30,434.53758759000004,31.892675357
dpy-1,L3,30,463.781997715,29.396973601280788
dpy-1,L3,30,460.43977941500003,28.948519849447614
dpy-1,L3,30,449.57756994,31.07760015707423
dpy-1,L3,30,467.95977058999995,30.270999603152543
dpy-1,L3,30,459.60422484000003,31.581621413206747
dpy-1,L3,30,461.27533399,29.407416901388125
dpy-1,L3,31,505.559726465,31.89315044591625
dpy-1,L3,31,486.34197124,30.826361495353368
dpy-1,L3,31,477.98642549,31.982003747194472
dpy-1,L3,31,462.110888565,30.888780842713473
dpy-1,L3,31,454.59089739,32.885875966093515
dpy-1,L3,31,467.95977058999995,33.06670308139184
dpy-1,L3,31,457.93311569,31.89079510519348
dpy-1,L3,31,477.98642549,32.6144657549115
dpy-1,L3,31,488.01308039,30.9074979988843
dpy-1,L3,31,456.26200654,30.783244243512193
dpy-1,L3,31,457.93311569,27.93811789855922
dpy-1,L3,31,487.17752581499997,29.308088704461206
dpy-1,L3,31,474.64420719,31.205352478089885
dpy-1,L3,31,449.57756994,32.4338558094152
dpy-1,L3,31,449.57756994,31.005632820945923
dpy-1,L3,31,472.97309803999997,31.72462113660714
dpy-1,L3,31,467.12421601499994,32.52892083047053
dpy-1,L3,31,466.28866143999994,30.388983599876028
dpy-1,L3,31,485.506416665,30.875622426042682
dpy-1,L3,31,472.97309803999997,31.731134866079735
dpy-1,L3,31,487.177525815,32.727785320270456
dpy-1,L3,31,486.34197124,30.860410687008542
dpy-1,L3,32,471.30198888999996,32.41071405472477
dpy-1,L3,32,493.02640784,33.39299167508504
dpy-1,L3,32,484.67086209,32.83091413995434
dpy-1,L3,32,508.06639019,32.55043596154839
dpy-1,L3,32,486.34197124,33.70032583524664
dpy-1,L3,32,462.94644314000004,32.51278240279069
dpy-1,L3,32,519.76415424,31.040382111415518
dpy-1,L3,32,493.86196241499994,31.797889027324544
dpy-1,L3,32,508.901944765,32.826745763794534
dpy-1,L3,32,454.59089739,33.87090521209072
dpy-1,L3,32,493.02640784,31.49418281921412
dpy-1,L3,32,459.60422484000003,32.295066963246065
dpy-1,L3,32,462.94644314000004,31.41340961736111
dpy-1,L3,32,469.63087973999995,32.8984349660687
dpy-1,L3,32,495.53307156499994,31.946843745057485
dpy-1,L3,32,469.63087973999995,33.38767009662061
dpy-1,L3,32,495.53307156499994,33.761250670267614
dpy-1,L3,32,474.64420719,35.75361334346154
dpy-1,L3,32,489.68418954,33.701252126789335
dpy-1,L3,32,476.31531634,34.4790266875506
dpy-1,L3,32,457.93311569,33.91560840247663
dpy-1,L3,32,474.64420719,32.97516545267606
dpy-1,L3,33,501.38195358999997,34.11150425142432
dpy-1,L3,33,523.1063725399999,35.732810875862064
dpy-1,L3,33,472.97309803999997,33.30287881578843
dpy-1,L3,33,477.98642549,34.48654297658406
dpy-1,L3,33,482.99975294,35.129804878893616
dpy-1,L3,33,479.65753464,32.41319639662922
dpy-1,L3,33,491.35529869000004,35.52875758004546
dpy-1,L3,33,498.87528986499996,35.421548574878685
dpy-1,L3,33,508.06639019,33.91472533409639
dpy-1,L3,33,515.586381365,33.29652775773512
dpy-1,L3,33,474.64420719,33.77066242973094
dpy-1,L3,33,477.150870915,31.699993550466445
dpy-1,L3,33,493.02640783999993,32.60319519478632
dpy-1,L3,33,494.69751698999994,33.50664535768116
dpy-1,L3,33,496.36862613999995,35.146078379823315
dpy-1,L3,33,488.01308039,34.2454344425
dpy-1,L3,33,494.69751699,34.6509691673763
dpy-1,L3,33,471.30198888999996,32.32444253824279
dpy-1,L3,33,526.44859084,34.12009720050228
dpy-1,L3,33,509.73749933999994,33.83564119605106
dpy-1,L3,33,482.16419836499995,34.62196550540321
dpy-1,L3,33,488.01308039,33.990806835844154
dpy-1,L3,34,518.928599665,38.5438766066352
dpy-1,L3,34,510.573053915,36.82421074425616
dpy-1,L3,34,506.39528104,34.85115832630081
dpy-1,L3,34,512.2441630650001,36.351894590277325
dpy-1,L3,34,508.06639019,38.350365399637
dpy-1,L3,34,528.11969999,35.77037088680555
dpy-1,L3,34,488.01308039,35.73358411807165
dpy-1,L3,34,482.99975294,35.90107972488889
dpy-1,L3,34,466.28866143999994,36.91332716502283
dpy-1,L3,34,518.928599665,36.254232204253995
dpy-1,L3,34,496.36862613999995,35.53091805670799
dpy-1,L3,34,511.40860849,36.7469311713362
dpy-1,L3,34,521.4352633899999,38.103959342719996
dpy-1,L3,34,511.40860849,36.38552382013491
dpy-1,L3,34,517.257490515,37.72082074192596
dpy-1,L3,34,514.75082679,37.105304508834585
dpy-1,L3,34,543.15968234,36.8540013827897
dpy-1,L3,34,534.80413659,38.76997114538461
dpy-1,L3,34,512.2441630650001,37.019640154503705
dpy-1,L3,34,508.06639019,36.222824557094015
dpy-1,L3,34,516.42193594,36.64415707545787
dpy-1,L3,34,487.177525815,36.357971879630625
dpy-1,L3,35,534.80413659,40.19176609051643
dpy-1,L3,35,521.4352633899999,40.458138474855964
dpy-1,L3,35,521.4352633899999,40.46262874089855
dpy-1,L3,35,545.666346065,37.75506576688453
dpy-1,L3,35,504.72417189,37.68087912486725
dpy-1,L3,35,496.36862613999995,40.75512091059113
dpy-1,L3,35,503.05306274,37.8478975408943
dpy-1,L3,35,532.2974728649999,36.92586558129605
dpy-1,L3,35,530.626363715,38.88082829393332
dpy-1,L3,35,519.76415424,40.649227157230214
dpy-1,L3,35,506.39528104,40.32904332613168
dpy-1,L3,35,549.8441189399999,37.61276621914498
dpy-1,L3,35,546.50190064,39.69356388827433
dpy-1,L3,35,523.1063725399999,38.166699584999996
dpy-1,L3,35,549.8441189399999,37.26446158761061
dpy-1,L3,35,558.19966469,38.55882609925
dpy-1,L3,35,562.377437565,39.107342891503315
dpy-1,L3,35,536.47524574,38.13978474952322
dpy-1,L3,35,538.14635489,39.244299166145034
dpy-1,L3,35,535.6396911649999,38.52130118411115
dpy-1,L3,35,509.73749934,37.50162206962122
dpy-1,L3,35,549.8441189399999,39.0971692798305
dpy-1,L3,36,516.42193594,40.61299807908836
dpy-1,L3,36,523.941927115,40.47127280526534
dpy-1,L3,36,528.9552545649999,39.287061054285715
dpy-1,L3,36,543.15968234,41.18752606514815
dpy-1,L3,36,524.77748169,39.33335698276859
dpy-1,L3,36,501.38195359,36.86439688244889
dpy-1,L3,36,524.7774816900001,39.47135014462539
dpy-1,L3,36,534.80413659,39.6447149079423
dpy-1,L3,36,513.07971764,38.89062545746153
dpy-1,L3,36,530.626363715,39.396000584603456
dpy-1,L3,36,523.1063725399999,40.441454025757636
dpy-1,L3,36,525.6130362649999,40.046712953792124
dpy-1,L3,36,531.46191829,42.89446606886525
dpy-1,L3,36,541.4885731899999,39.71144039871212
dpy-1,L3,36,503.05306274,39.6961556986722
dpy-1,L3,36,523.1063725399999,38.439483247086955
dpy-1,L3,36,515.5863813650001,40.32738043892632
dpy-1,L3,36,526.44859084,41.50590193291015
dpy-1,L3,36,503.05306274,37.50528136819277
dpy-1,L3,36,523.941927115,38.875821295369136
dpy-1,L3,36,508.06639019,38.79542564160337
dpy-1,L3,36,498.03973528999995,35.530554951386556
dpy-5,L1,1,253.222244815,16.359663843545917
dpy-5,L1,1,270.76889088999997,16.77186284050825
dpy-5,L1,1,263.248899715,16.51133305801564
dpy-5,L1,1,257.40001769,16.29016773736842
dpy-5,L1,1,255.72890854,16.514496406847826
dpy-5,L1,1,250.71558109,15.356163484375651
dpy-5,L1,1,262.41334514000005,16.837106529287247
dpy-5,L1,1,250.71558109,16.269215417613644
dpy-5,L1,1,262.41334514,16.702932489210525
dpy-5,L1,1,250.71558109,16.292939109366266
dpy-5,L1,1,256.564463115,16.242545597177443
dpy-5,L1,1,259.07112684000003,16.29016773736842
dpy-5,L1,1,259.07112684000003,16.763127348854166
dpy-5,L1,1,269.09778173999996,16.599375033256116
dpy-5,L1,1,252.38669024,16.5662862268301
dpy-5,L1,1,264.08445429,17.10805344935185
dpy-5,L1,1,254.89335396500002,17.049144722075837
dpy-5,L1,1,265.75556344,16.962821407037033
dpy-5,L1,1,257.40001769,16.01801515373626
dpy-5,L1,1,266.591118015,16.75134034209027
dpy-5,L1,1,263.248899715,17.084453242475693
dpy-5,L1,1,254.05779938999999,16.92651339645833
dpy-5,L1,2,269.09778173999996,17.31408030007752
dpy-5,L1,2,265.75556344,16.730450139333332
dpy-5,L1,2,260.74223599000004,16.239961923697393
dpy-5,L1,2,245.70225364,15.186262005697674
dpy-5,L1,2,257.40001769,16.59974130125
dpy-5,L1,2,248.20891736500002,16.166411684969386
dpy-5,L1,2,260.74223599000004,16.45527363810526
dpy-5,L1,2,260.74223599000004,16.381893237777778
dpy-5,L1,2,268.262227165,17.083413575674673
dpy-5,L1,2,272.44000004,17.20821347853448
dpy-5,L1,2,264.08445429,16.896712610614586
dpy-5,L1,2,266.591118015,17.04456465931225
dpy-5,L1,2,264.08445429,16.618776568932038
dpy-5,L1,2,260.74223599000004,16.46295298232558
dpy-5,L1,2,265.75556344,16.60072407446867
dpy-5,L1,2,265.75556344,17.1740680140404
dpy-5,L1,2,267.42667259,16.540328193030298
dpy-5,L1,2,264.08445429000005,16.642221673627084
dpy-5,L1,2,258.23557226500003,16.629245769957738
dpy-5,L1,2,275.78221834,17.11569724105263
dpy-5,L1,2,264.08445429,16.399676753163263
dpy-5,L1,2,265.75556344,16.43168708085714
dpy-5,L1,3,264.08445429,16.68540000581917
dpy-5,L1,3,246.53780821499998,16.215447526360798
dpy-5,L1,3,267.42667259,16.122830675810803
dpy-5,L1,3,257.40001769,16.362949927910627
dpy-5,L1,3,264.08445429,16.46916868915737
dpy-5,L1,3,262.41334514,16.43168708085714
dpy-5,L1,3,258.23557226500003,15.957524790590194
dpy-5,L1,3,267.42667259,16.274994272547183
dpy-5,L1,3,270.76889088999997,16.721196416283185
dpy-5,L1,3,269.93333631499996,16.65817584062843
dpy-5,L1,3,265.75556343999995,16.72736621477775
dpy-5,L1,3,269.09778173999996,16.239625114693876
dpy-5,L1,3,257.40001769,15.748153416767675
dpy-5,L1,3,268.262227165,16.725115084717686
dpy-5,L1,3,260.74223599000004,16.15701781741935
dpy-5,L1,3,266.591118015,16.796140474863506
dpy-5,L1,3,260.74223599000004,16.256125283608245
dpy-5,L1,3,271.60444546499997,16.510682059030508
dpy-5,L1,3,262.41334514,16.52712528009259
dpy-5,L1,3,262.41334514,16.975181580851064
dpy-5,L1,3,272.44000004,16.40300544289987
dpy-5,L1,3,264.08445429,16.602532899595396
dpy-5,L1,4,275.78221834,16.99880810778761
dpy-5,L1,4,274.11110919,17.97816046392822
dpy-5,L1,4,275.78221834,17.13761395353982
dpy-5,L1,4,273.275554615,16.849276355772727
dpy-5,L1,4,271.60444546499997,17.253536782329135
dpy-5,L1,4,279.959991215,17.017939120131174
dpy-5,L1,4,280.79554579,17.504648641826922
dpy-5,L1,4,275.78221834,17.178594727047617
dpy-5,L1,4,284.973318665,17.266275189861283
dpy-5,L1,4,277.45332749,17.419019222284952
dpy-5,L1,4,274.11110919,17.1999349455102
dpy-5,L1,4,266.591118015,17.359390313169605
dpy-5,L1,4,281.631100365,16.780139755521063
dpy-5,L1,4,275.78221834,17.31269859988636
dpy-5,L1,4,277.45332749,16.68871118263445
dpy-5,L1,4,274.946663765,17.504788158839034
dpy-5,L1,4,280.79554579,16.7629666939401
dpy-5,L1,4,271.60444546499997,16.879078737476476
dpy-5,L1,4,267.42667259,16.890269477690005
dpy-5,L1,4,279.12443664,17.095363270897156
dpy-5,L1,4,277.45332749,17.006665042452827
dpy-5,L1,4,270.76889088999997,16.791960180784315
dpy-5,L1,5,275.78221834,17.60885526071278
dpy-5,L1,5,281.631100365,17.341662490143463
dpy-5,L1,5,287.47998239000003,17.884293675517238
dpy-5,L1,5,279.12443664,17.834702851478603
dpy-5,L1,5,280.79554579,17.91871230372727
dpy-5,L1,5,282.46665494,17.804900771651372
dpy-5,L1,5,280.79554579,17.680089860918372
dpy-5,L1,5,280.79554579,17.98931584203883
dpy-5,L1,5,281.631100365,17.51305903150524
dpy-5,L1,5,280.79554579,17.5324694176699
dpy-5,L1,5,275.78221834,17.626739314761902
dpy-5,L1,5,285.80887324,18.019509714913795
dpy-5,L1,5,291.657755265,18.182573135745965
dpy-5,L1,5,282.46665494,18.185296337130435
dpy-5,L1,5,284.13776409,17.467562275409833
dpy-5,L1,5,274.946663765,17.22844436779964
dpy-5,L1,5,285.80887324,17.23168072504132
dpy-5,L1,5,282.46665494,17.80949331329787
dpy-5,L1,5,274.11110919,16.59974130125
dpy-5,L1,5,290.82220069,18.078814995350875
dpy-5,L1,5,288.31553696500004,17.608251501737385
dpy-5,L1,5,287.47998239000003,18.33354855366491
dpy-5,L1,6,297.50663728999996,17.791818986355295
dpy-5,L1,6,287.47998239000003,16.755707885822865
dpy-5,L1,6,282.46665494,18.28028350517857
dpy-5,L1,6,292.49330984,17.799783650894398
dpy-5,L1,6,289.15109154000004,17.450581851037736
dpy-5,L1,6,284.13776409,17.360749946325228
dpy-5,L1,6,288.31553696500004,17.772769335331194
dpy-5,L1,6,294.16441899,18.2531725198359
dpy-5,L1,6,294.999973565,18.330391414928734
dpy-5,L1,6,281.631100365,17.60370775890333
dpy-5,L1,6,289.15109154000004,18.190443198679244
dpy-5,L1,6,289.15109154000004,18.12318307616638
dpy-5,L1,6,287.47998239000003,17.88916632558558
dpy-5,L1,6,295.83552814,17.85655705205128
dpy-5,L1,6,294.999973565,18.165909035764194
dpy-5,L1,6,297.50663728999996,18.110392626639342
dpy-5,L1,6,279.959991215,17.463265188425876
dpy-5,L1,6,294.16441899,18.278042782239996
dpy-5,L1,6,281.631100365,17.023878143193876
dpy-5,L1,6,296.671082715,18.332706835960657
dpy-5,L1,6,287.47998239000003,18.17724351309784
dpy-5,L1,6,297.50663728999996,17.746526390094342
dpy-5,L1,7,280.79554579,19.690229930508472
dpy-5,L1,7,295.83552814,18.268709523057847
dpy-5,L1,7,295.83552814,18.209691623983733
dpy-5,L1,7,289.15109154000004,19.147481578542816
dpy-5,L1,7,295.83552814,18.358246803298965
dpy-5,L1,7,296.671082715,17.979423359849612
dpy-5,L1,7,292.49330984,18.929039826068372
dpy-5,L1,7,285.80887324,18.77996472048
dpy-5,L1,7,302.51996474,18.491935502204264
dpy-5,L1,7,304.19107389,18.892684477796607
dpy-5,L1,7,299.17774643999996,18.86608006130681
dpy-5,L1,7,277.45332749,18.486387737735846
dpy-5,L1,7,292.49330984,19.102337347479676
dpy-5,L1,7,305.86218304,18.648366358357812
dpy-5,L1,7,293.328864415,18.63577223383649
dpy-5,L1,7,306.697737615,18.455607246555346
dpy-5,L1,7,302.51996474,18.379392404384614
dpy-5,L1,7,297.50663728999996,19.120554607142857
dpy-5,L1,7,299.17774643999996,18.591249975984255
dpy-5,L1,7,296.671082715,17.8552051830084
dpy-5,L1,7,299.17774643999996,18.52796672256198
dpy-5,L1,7,305.86218304,18.437834336796872
dpy-5,L1,8,277.45332749,19.243897154220182
dpy-5,L1,8,300.84885558999997,19.475335739083327
dpy-5,L1,8,307.53329219,19.98112211253623
dpy-5,L1,8,305.86218304,19.018958351328955
dpy-5,L1,8,298.34219186499996,19.04258538064318
dpy-5,L1,8,304.19107389,19.61242061804878
dpy-5,L1,8,303.355519315,19.43453443545535
dpy-5,L1,8,308.368846765,19.596198337009728
dpy-5,L1,8,297.50663728999996,20.232231103798448
dpy-5,L1,8,308.368846765,19.326253183944253
dpy-5,L1,8,303.355519315,18.962102685199895
dpy-5,L1,8,300.84885558999997,18.478574338888524
dpy-5,L1,8,304.19107389,19.494008430238093
dpy-5,L1,8,300.84885558999997,18.70702995781272
dpy-5,L1,8,321.737719965,19.54520138568594
dpy-5,L1,8,300.01330101499997,18.881192674410755
dpy-5,L1,8,319.23105624,19.592285752105262
dpy-5,L1,8,308.368846765,20.00733282653033
dpy-5,L1,8,299.17774643999996,18.710040480992365
dpy-5,L1,8,304.19107389,18.22806326720339
dpy-5,L1,8,305.86218304,17.871907473435112
dpy-5,L1,8,299.17774643999996,18.483193415726983
dpy-5,L1,9,307.53329219,19.538783457930677
dpy-5,L1,9,316.724392515,19.686007631052938
dpy-5,L1,9,308.368846765,19.754698598957173
dpy-5,L1,9,320.90216539,19.392157387575754
dpy-5,L1,9,325.91549283999996,18.91685252181818
dpy-5,L1,9,309.20440134,19.19566263860335
dpy-5,L1,9,311.711065065,19.704689769324045
dpy-5,L1,9,314.21772879,19.295611086718747
dpy-5,L1,9,307.53329219,19.931222662154468
dpy-5,L1,9,309.20440134,19.64497912468085
dpy-5,L1,9,319.23105624000004,19.84489669780758
dpy-5,L1,9,311.711065065,18.852038221942145
dpy-5,L1,9,309.20440134,18.83651930507042
dpy-5,L1,9,309.20440134,19.936038950937107
dpy-5,L1,9,312.54661964,19.787640062137402
dpy-5,L1,9,305.86218304,20.370647524713174
dpy-5,L1,9,309.20440134,20.110641486976743
dpy-5,L1,9,307.53329219,19.13622399832168
dpy-5,L1,9,320.90216539,20.047750305862067
dpy-5,L1,9,308.368846765,18.931713443380083
dpy-5,L1,9,300.84885558999997,19.734452128971355
dpy-5,L1,9,306.697737615,20.193692437936015
dpy-5,L1,10,315.88883794000003,20.06401689706767
dpy-5,L1,10,317.55994709000004,20.0308483009375
dpy-5,L1,10,314.21772879,20.398466908046874
dpy-5,L1,10,317.55994709000004,20.342767119090905
dpy-5,L1,10,327.58660198999996,19.98364788718518
dpy-5,L1,10,314.21772879,20.06401689706767
dpy-5,L1,10,322.57327454,20.1288799295
dpy-5,L1,10,306.697737615,19.745872636511624
dpy-5,L1,10,324.24438369,20.140585198582087
dpy-5,L1,10,314.21772879,19.690229930508472
dpy-5,L1,10,305.86218304,20.1355829468376
dpy-5,L1,10,315.88883794000003,19.71368714970588
dpy-5,L1,10,320.90216539,20.155923137379304
dpy-5,L1,10,320.90216539,19.367449864668146
dpy-5,L1,10,324.24438369,20.252955781770147
dpy-5,L1,10,317.55994709000004,19.797921910758006
dpy-5,L1,10,315.88883794000003,18.88925417477419
dpy-5,L1,10,327.58660198999996,18.921981711017004
dpy-5,L1,10,317.55994709000004,19.62428301968992
dpy-5,L1,10,335.94214774,18.755046610070917
dpy-5,L1,10,312.54661964,19.20877204566929
dpy-5,L1,10,318.395501665,19.822390240201145
dpy-5,L2,18,315.88883794000003,21.8053577831683
dpy-5,L2,18,327.58660198999996,21.6365756861467
dpy-5,L2,18,329.25771113999997,21.469699623387097
dpy-5,L2,18,329.25771113999997,21.22443950366412
dpy-5,L2,18,335.94214774,22.092293539858154
dpy-5,L2,18,335.94214774,21.92145828035714
dpy-5,L2,18,327.58660198999996,20.181949683308268
dpy-5,L2,18,314.21772879,21.398514135861358
dpy-5,L2,18,322.57327454,20.71744530098443
dpy-5,L2,18,320.066610815,21.70000307113348
dpy-5,L2,18,320.90216539,20.047750305862067
dpy-5,L2,18,320.90216539,21.04646523203069
dpy-5,L2,18,324.24438369,21.71024259352459
dpy-5,L2,18,319.23105624,20.521006443749997
dpy-5,L2,18,325.079938265,21.110714274888323
dpy-5,L2,18,330.92882029,21.27509589423077
dpy-5,L2,18,314.21772879,20.888236036460313
dpy-5,L2,18,325.91549283999996,21.902660269127516
dpy-5,L2,18,319.23105624,20.595460845189873
dpy-5,L2,18,322.57327454,21.61024676111111
dpy-5,L2,18,312.54661964,20.796947324148146
dpy-5,L2,18,315.88883794000003,21.43185149653543
dpy-5,L2,19,319.23105624,21.494061127259258
dpy-5,L2,19,330.92882029,22.001484099591835
dpy-5,L2,19,333.435484015,21.81829166172708
dpy-5,L2,19,337.61325689,22.032067215222927
dpy-5,L2,19,337.61325689,22.28799629191358
dpy-5,L2,19,330.093265715,21.51879906619152
dpy-5,L2,19,327.58660198999996,21.944479406438354
dpy-5,L2,19,312.54661964,21.493603703503936
dpy-5,L2,19,329.25771113999997,21.41314613225529
dpy-5,L2,19,339.28436604,21.25624365796875
dpy-5,L2,19,321.737719965,22.323735720671138
dpy-5,L2,19,335.106593165,21.7456267522725
dpy-5,L2,19,345.133248065,22.32697084362008
dpy-5,L2,19,330.92882029,21.602900988686336
dpy-5,L2,19,334.27103859,21.26327074009123
dpy-5,L2,19,327.58660198999996,22.057718459054055
dpy-5,L2,19,330.92882029,21.717092480074026
dpy-5,L2,19,332.59992944,21.55116932016949
dpy-5,L2,19,336.777702315,22.972958164676605
dpy-5,L2,19,332.59992944,21.859215976507933
dpy-5,L2,19,332.59992944,21.50677903523191
dpy-5,L2,19,340.95547519,21.183669855428292
dpy-5,L2,20,357.66656668999997,23.404289636764705
dpy-5,L2,20,341.791029765,21.898508651721624
dpy-5,L2,20,337.61325689,23.066902469104477
dpy-5,L2,20,348.475466365,23.081729143275123
dpy-5,L2,20,345.96880264000004,22.887287133189652
dpy-5,L2,20,346.804357215,21.797157123659545
dpy-5,L2,20,361.00878499,23.219759512411763
dpy-5,L2,20,357.66656668999997,22.655917465777776
dpy-5,L2,20,337.61325689,22.50569585636503
dpy-5,L2,20,342.62658434,22.476962491276087
dpy-5,L2,20,332.59992944,22.36630768727941
dpy-5,L2,20,355.99545753999996,24.122001220275727
dpy-5,L2,20,353.488793815,22.885039606928345
dpy-5,L2,20,355.15990296499996,23.267861114948886
dpy-5,L2,20,351.817684665,23.526887164369235
dpy-5,L2,20,350.146575515,22.357332879857424
dpy-5,L2,20,354.32434838999995,22.83581780206451
dpy-5,L2,20,338.448811465,22.35615853044
dpy-5,L2,20,340.95547519,22.142272990258686
dpy-5,L2,20,347.63991179,21.97362085888664
dpy-5,L2,20,345.96880264000004,22.58349005766234
dpy-5,L2,20,339.28436604,22.619227265614033
dpy-5,L2,21,360.173230415,23.332221597626514
dpy-5,L2,21,357.66656668999997,23.274338844966856
dpy-5,L2,21,356.83101211499996,22.979301656023065
dpy-5,L2,21,376.04876734000004,23.213608508266663
dpy-5,L2,21,367.69322159,24.362011773391814
dpy-5,L2,21,356.831012115,21.67971267881549
dpy-5,L2,21,351.817684665,23.056026199147368
dpy-5,L2,21,350.146575515,23.757357274693334
dpy-5,L2,21,362.67989414,23.500724871242934
dpy-5,L2,21,356.83101211499996,22.998645707769924
dpy-5,L2,21,364.35100329,23.573636902784806
dpy-5,L2,21,349.31102094,23.15385589657143
dpy-5,L2,21,364.35100329,23.215140510089363
dpy-5,L2,21,369.36433074,23.612810029482773
dpy-5,L2,21,349.31102094,22.56419196536842
dpy-5,L2,21,365.186557865,22.301327140054173
dpy-5,L2,21,342.62658434,23.84918128056959
dpy-5,L2,21,350.98213009,21.902612464913524
dpy-5,L2,21,366.02211244,23.186057902874246
dpy-5,L2,21,352.65323924,22.207424669370628
dpy-5,L2,21,355.99545753999996,23.504577747826087
dpy-5,L2,21,375.213212765,22.07435785285628
dpy-5,L2,22,378.555431065,25.642621814341616
dpy-5,L2,22,372.70654904,25.226524614749998
dpy-5,L2,22,396.10207714,24.691412741712703
dpy-5,L2,22,375.21321276500004,25.022026258076203
dpy-5,L2,22,364.35100329,24.068817763154765
dpy-5,L2,22,363.515448715,24.5602799704305
dpy-5,L2,22,367.69322159,23.948951132838708
dpy-5,L2,22,364.35100329,23.948951132838708
dpy-5,L2,22,374.37765819000003,24.941130761183434
dpy-5,L2,22,362.67989414,24.688818197005986
dpy-5,L2,22,366.02211244,24.834398100499996
dpy-5,L2,22,364.35100329,23.425108717419235
dpy-5,L2,22,377.71987649000005,25.251886031094525
dpy-5,L2,22,371.870994465,23.93921454494243
dpy-5,L2,22,393.595413415,24.441081962226452
dpy-5,L2,22,386.07542223999997,25.095815776666665
dpy-5,L2,22,388.58208596500003,25.173089308001234
dpy-5,L2,22,369.36433074,24.067768735561796
dpy-5,L2,22,381.06209478999995,24.37466356655172
dpy-5,L2,22,366.02211244,24.21310674025974
dpy-5,L2,22,384.40431308999996,23.165346783435897
dpy-5,L2,22,376.04876734000004,23.854081814874995
dpy-5,L2,23,375.213212765,25.61427746275531
dpy-5,L2,23,383.56875851499996,25.549279243586557
dpy-5,L2,23,371.870994465,25.72557069422691
dpy-5,L2,23,402.78651374000003,23.29293525137931
dpy-5,L2,23,367.69322159,26.257672115185184
dpy-5,L2,23,383.56875851499996,25.42172212302105
dpy-5,L2,23,407.79984118999994,26.221922689384613
dpy-5,L2,23,382.73320393999995,24.699728388535352
dpy-5,L2,23,395.266522565,25.820859479340626
dpy-5,L2,23,374.37765819000003,25.331565069797268
dpy-5,L2,23,401.95095916500003,26.649467760402835
dpy-5,L2,23,386.07542223999997,25.82961977994152
dpy-5,L2,23,392.75985884,25.273048099491522
dpy-5,L2,23,397.77318629,25.291529544919786
dpy-5,L2,23,394.43096799,25.57451567717965
dpy-5,L2,23,386.91097681499997,25.234086895796224
dpy-5,L2,23,381.897649365,24.590182385078098
dpy-5,L2,23,389.41764054,26.334905339999995
dpy-5,L2,23,381.06209478999995,25.728546457834394
dpy-5,L2,23,379.39098564,25.42271573365739
dpy-5,L2,23,389.41764054,25.928692134089907
dpy-5,L2,23,374.37765819000003,25.05066910437162
dpy-5,L3,30,485.506416665,31.543807521544746
dpy-5,L3,30,456.26200654,29.825099190954546
dpy-5,L3,30,471.30198888999996,33.18233589275555
dpy-5,L3,30,451.24867909,30.719104823389507
dpy-5,L3,30,434.53758759,30.845637103917262
dpy-5,L3,30,447.90646079,30.701214025240386
dpy-5,L3,30,440.38646961499995,30.916770935846756
dpy-5,L3,30,446.23535164,31.222792561822914
dpy-5,L3,30,452.91978824,30.6317195072549
dpy-5,L3,30,452.91978824,30.6195595971202
dpy-5,L3,30,464.61755228999994,28.97973553685714
dpy-5,L3,30,472.13754346499996,32.20748525943731
dpy-5,L3,30,462.110888565,31.117630914426588
dpy-5,L3,30,457.93311569,31.36488421933649
dpy-5,L3,30,454.59089739,32.46976720816038
dpy-5,L3,30,456.26200654,31.790062811214945
dpy-5,L3,30,439.55091503999995,32.867692635675674
dpy-5,L3,30,441.22202418999996,30.098911438450493
dpy-5,L3,30,444.56424248999997,31.540997050355884
dpy-5,L3,30,457.93311569,33.036072295747665
dpy-5,L3,30,451.24867909,29.80990501901639
dpy-5,L3,30,439.55091503999995,29.0305560571134
dpy-5,L3,31,441.22202418999996,31.530712420769234
dpy-5,L3,31,476.31531634,33.87944969586666
dpy-5,L3,31,447.90646079,31.5135577792417
dpy-5,L3,31,464.61755229,32.78383969056272
dpy-5,L3,31,446.23535164,31.142567105357283
dpy-5,L3,31,441.22202418999996,32.50056526425837
dpy-5,L3,31,456.26200654,32.26681441646789
dpy-5,L3,31,467.95977058999995,32.07443356961373
dpy-5,L3,31,488.01308039,33.13943658179487
dpy-5,L3,31,442.89313333999996,30.574462819734045
dpy-5,L3,31,461.27533399000004,33.11179854822275
dpy-5,L3,31,462.110888565,31.02703758025943
dpy-5,L3,31,453.755342815,30.092298641697532
dpy-5,L3,31,439.55091503999995,32.59767304359628
dpy-5,L3,31,452.91978824,31.899837485114155
dpy-5,L3,31,453.755342815,31.11198745978344
dpy-5,L3,31,452.91978824,31.379218217264572
dpy-5,L3,31,470.466434315,32.740976159091495
dpy-5,L3,31,461.27533399000004,31.405897615172407
dpy-5,L3,31,451.24867909,32.645276917982066
dpy-5,L3,31,447.90646079,31.610647055562165
dpy-5,L3,31,451.24867909,31.530712420769234
dpy-5,L3,32,451.24867909,30.688938150465116
dpy-5,L3,32,455.426451965,31.158638153300373
dpy-5,L3,32,444.56424248999997,34.033913916141074
dpy-5,L3,32,461.27533399000004,33.19872223314741
dpy-5,L3,32,478.821980065,32.44796557837276
dpy-5,L3,32,475.479761765,33.861727299221855
dpy-5,L3,32,470.46643431499996,33.18864051979965
dpy-5,L3,32,477.98642549,33.23909206079646
dpy-5,L3,32,467.95977058999995,32.19143841547619
dpy-5,L3,32,457.097561115,33.023427275396024
dpy-5,L3,32,452.91978824,32.24693557695547
dpy-5,L3,32,443.72868791499997,32.78666340489217
dpy-5,L3,32,494.69751698999994,34.42206800747748
dpy-5,L3,32,476.31531634,34.12234540215246
dpy-5,L3,32,491.35529869,33.42507347426488
dpy-5,L3,32,473.80865261499997,32.99071993376357
dpy-5,L3,32,459.60422484,31.849433335378446
dpy-5,L3,32,472.13754346499996,31.93186801217236
dpy-5,L3,32,462.11088856500004,33.254488541416876
dpy-5,L3,32,477.98642549,32.84061982758567
dpy-5,L3,32,479.65753464,33.0724064084188
dpy-5,L3,32,466.28866143999994,33.60671010476544
dpy-5,L3,33,473.80865261499997,32.651649789455576
dpy-5,L3,33,501.38195358999997,32.623858631691725
dpy-5,L3,33,469.63087973999995,34.84998789263635
dpy-5,L3,33,471.30198888999996,34.21235730478884
dpy-5,L3,33,508.06639019,36.45708225643598
dpy-5,L3,33,481.32864379,33.87171905641582
dpy-5,L3,33,463.781997715,33.89893089529823
dpy-5,L3,33,471.30198888999996,34.51192819004854
dpy-5,L3,33,478.821980065,33.82285291469435
dpy-5,L3,33,484.67086208999996,35.07502892077896
dpy-5,L3,33,481.32864379,35.39874771970588
dpy-5,L3,33,467.95977058999995,33.85684059954954
dpy-5,L3,33,477.150870915,34.78291597713103
dpy-5,L3,33,482.164198365,34.136346826077734
dpy-5,L3,33,487.17752581499997,32.6237736211643
dpy-5,L3,33,502.21750816499997,34.53605076197482
dpy-5,L3,33,469.63087973999995,34.227364096221194
dpy-5,L3,33,486.34197124,33.892334737725115
dpy-5,L3,33,476.31531634,35.76270788959799
dpy-5,L3,33,498.03973528999995,32.60563265563636
dpy-5,L3,33,471.30198888999996,33.44557438855721
dpy-5,L3,33,468.79532516499995,33.48312758928313
dpy-5,L3,34,487.177525815,38.14121814292527
dpy-5,L3,34,481.32864379,36.37311642565022
dpy-5,L3,34,498.87528986499996,36.414662149165466
dpy-5,L3,34,493.02640784,36.940436106471545
dpy-5,L3,34,488.01308039,36.29630533292887
dpy-5,L3,34,494.69751698999994,36.84927164915956
dpy-5,L3,34,488.01308039,36.123687493949575
dpy-5,L3,34,488.01308039,36.87598166761343
dpy-5,L3,34,499.71084443999996,35.93696058240196
dpy-5,L3,34,497.20418071499995,38.14712636106327
dpy-5,L3,34,501.38195358999997,36.31121134722397
dpy-5,L3,34,495.533071565,36.01550384333983
dpy-5,L3,34,470.46643431499996,36.813309954312686
dpy-5,L3,34,500.54639901499996,36.74832658969943
dpy-5,L3,34,503.05306274,34.80234968266428
dpy-5,L3,34,511.40860849,35.988218950277776
dpy-5,L3,34,531.46191829,36.745951344963764
dpy-5,L3,34,488.01308039,38.06484854233766
dpy-5,L3,34,491.35529869,36.20348812701731
dpy-5,L3,34,482.99975294,36.598193527999996
dpy-5,L3,34,496.36862614,37.38181153380485
dpy-5,L3,34,471.30198888999996,35.18117711414823
dpy-5,L3,35,486.34197124,36.436188207558686
dpy-5,L3,35,478.821980065,36.88315129023323
dpy-5,L3,35,477.98642549,37.134787705394736
dpy-5,L3,35,483.835307515,37.56663926290918
dpy-5,L3,35,470.46643431499996,37.40357864454527
dpy-5,L3,35,494.69751698999994,35.632959031384615
dpy-5,L3,35,486.34197124,36.54515374694323
dpy-5,L3,35,484.67086209,36.157178600545535
dpy-5,L3,35,484.67086209,36.2572139503913
dpy-5,L3,35,478.821980065,36.58569698046716
dpy-5,L3,35,501.38195358999997,37.210293452682926
dpy-5,L3,35,504.72417189,36.721213610901955
dpy-5,L3,35,479.65753464,36.53274746981461
dpy-5,L3,35,484.67086209,37.64847071154185
dpy-5,L3,35,494.69751698999994,38.310335670805856
dpy-5,L3,35,514.75082679,36.52229807362903
dpy-5,L3,35,467.95977058999995,37.74011843979079
dpy-5,L3,35,489.68418954000003,37.187457392229035
dpy-5,L3,35,477.98642549,35.09788338652174
dpy-5,L3,35,516.4219359399999,37.61664511698851
dpy-5,L3,35,473.80865261499997,37.022316071107795
dpy-5,L3,35,482.99975294,36.08461189871681
dpy-5,L3,36,483.835307515,38.60003984422876
dpy-5,L3,36,468.79532516499995,37.97120455516945
dpy-5,L3,36,488.01308039,37.47455389504326
dpy-5,L3,36,491.35529869000004,37.68932817634782
dpy-5,L3,36,462.94644314,37.85545381022075
dpy-5,L3,36,487.177525815,38.40245765038329
dpy-5,L3,36,484.67086208999996,38.489767683085006
dpy-5,L3,36,481.32864379,37.43375282939252
dpy-5,L3,36,493.02640783999993,36.663547947041664
dpy-5,L3,36,472.97309803999997,37.233887612775334
dpy-5,L3,36,508.06639019,36.94014271578199
dpy-5,L3,36,498.03973528999995,36.412884795527425
dpy-5,L3,36,498.03973528999995,36.7922053011192
dpy-5,L3,36,482.99975294,37.93163033073945
dpy-5,L3,36,489.68418954000003,37.31709213745833
dpy-5,L3,36,500.54639901499996,38.208639371010314
dpy-5,L3,36,467.95977058999995,38.25136034889751
dpy-5,L3,36,482.99975294,37.75393483315789
dpy-5,L3,36,491.35529869,37.86762004023305
dpy-5,L3,36,486.34197124,36.38337605186063
dpy-5,L3,36,487.17752581499997,37.74942402848586
dpy-5,L3,36,498.87528986499996,38.347000509730115
lon-3,L1,1,255.72890854,16.192085024059406
lon-3,L1,1,252.38669024,16.08141315022989
lon-3,L1,1,256.564463115,16.046482340052442
lon-3,L1,1,258.23557226500003,16.396071084211513
lon-3,L1,1,249.04447194,15.946197110833332
lon-3,L1,1,247.37336279,15.733415281395345
lon-3,L1,1,258.23557226500003,16.29205343879059
lon-3,L1,1,256.564463115,16.300742542604954
lon-3,L1,1,259.07112684000003,16.474594541382974
lon-3,L1,1,257.40001769,15.599418560816325
lon-3,L1,1,256.564463115,16.753541191322263
lon-3,L1,1,265.75556344,16.691359645700935
lon-3,L1,1,269.933336315,16.185127244964157
lon-3,L1,1,267.42667259,16.791960180784315
lon-3,L1,1,256.564463115,16.831644078494623
lon-3,L1,1,267.42667259,16.532133281551722
lon-3,L1,1,257.40001769,16.59974130125
lon-3,L1,1,260.74223599000004,16.272969206041665
lon-3,L1,1,261.577790565,16.736995599799435
lon-3,L1,1,256.564463115,16.35626405383987
lon-3,L1,1,264.08445429,16.08683320244198
lon-3,L1,1,270.76889088999997,16.59974130125
lon-3,L1,2,264.920008865,16.77430639421656
lon-3,L1,2,267.42667259,15.998480646066666
lon-3,L1,2,260.74223599000004,16.39818094345794
lon-3,L1,2,262.41334514,16.26680369481132
lon-3,L1,2,264.920008865,16.665935134848162
lon-3,L1,2,262.41334514,17.099510388039214
lon-3,L1,2,255.72890854,16.42639983139038
lon-3,L1,2,269.09778173999996,17.039883307040817
lon-3,L1,2,259.07112684000003,16.672357322407404
lon-3,L1,2,267.42667259,16.29016773736842
lon-3,L1,2,264.920008865,16.85934751747996
lon-3,L1,2,260.74223599000004,16.397284677044837
lon-3,L1,2,269.09778173999996,16.53120433725197
lon-3,L1,2,264.920008865,16.656777885140905
lon-3,L1,2,262.41334514,16.131678421394277
lon-3,L1,2,265.75556344,16.417826938969068
lon-3,L1,2,268.262227165,17.046039139289636
lon-3,L1,2,270.76889088999997,16.791960180784315
lon-3,L1,2,270.76889088999997,16.474594541382974
lon-3,L1,2,270.76889088999997,16.59974130125
lon-3,L1,2,260.74223599000004,16.556171688555555
lon-3,L1,2,274.946663765,16.749325882806005
lon-3,L1,3,265.75556344,17.490937924545456
lon-3,L1,3,268.262227165,15.711127856572789
lon-3,L1,3,259.90668141500004,16.97394382888232
lon-3,L1,3,263.248899715,16.79216712603575
lon-3,L1,3,267.42667259,16.763127348854166
lon-3,L1,3,264.08445429,15.968540501958687
lon-3,L1,3,263.248899715,16.422027368852245
lon-3,L1,3,265.75556344,17.22790513475728
lon-3,L1,3,268.262227165,16.891381786811486
lon-3,L1,3,263.248899715,16.34497635500049
lon-3,L1,3,269.09778173999996,17.143446131932773
lon-3,L1,3,274.11110919,16.207614787
lon-3,L1,3,266.591118015,16.834346908066237
lon-3,L1,3,274.11110919,16.743202221097555
lon-3,L1,3,259.07112684000003,16.672357322407404
lon-3,L1,3,269.09778173999996,16.494330947956986
lon-3,L1,3,269.93333631499996,16.24959123420641
lon-3,L1,3,269.09778173999996,16.710720503396225
lon-3,L1,3,269.93333631499996,16.405206238882453
lon-3,L1,3,267.42667259,16.44263933239984
lon-3,L1,3,260.74223599000004,16.579528594329894
lon-3,L1,3,269.09778173999996,17.083946106295542
lon-3,L1,4,280.79554579,17.590701111609544
lon-3,L1,4,274.11110919,17.15992203589286
lon-3,L1,4,284.973318665,17.62759487907598
lon-3,L1,4,283.302209515,17.26617992533013
lon-3,L1,4,286.644427815,17.541288016257063
lon-3,L1,4,286.64442781500003,17.51772714573873
lon-3,L1,4,280.79554579,17.51855902974841
lon-3,L1,4,285.80887324,17.302609581509433
lon-3,L1,4,276.617772915,17.388574423806826
lon-3,L1,4,285.80887324,17.203012861634612
lon-3,L1,4,276.617772915,17.04167461897579
lon-3,L1,4,284.973318665,17.33707320838675
lon-3,L1,4,289.15109154000004,17.528461992894734
lon-3,L1,4,280.79554579,17.598554120566035
lon-3,L1,4,277.45332749,17.323938917657657
lon-3,L1,4,284.13776409,17.724694415901638
lon-3,L1,4,284.13776409,17.444566718130083
lon-3,L1,4,279.12443664,17.081864064672132
lon-3,L1,4,284.13776409,17.41522564504425
lon-3,L1,4,282.46665494,17.08540258036697
lon-3,L1,4,281.631100365,17.55025815140785
lon-3,L1,4,287.47998239000003,17.402938021461736
lon-3,L1,5,293.328864415,17.948252152491452
lon-3,L1,5,289.15109154000004,18.00019313785714
lon-3,L1,5,279.959991215,17.462398239991472
lon-3,L1,5,285.80887324,17.714610802549018
lon-3,L1,5,281.631100365,17.820249041472575
lon-3,L1,5,294.16441899,18.209691623983733
lon-3,L1,5,288.315536965,17.790370025510132
lon-3,L1,5,280.79554579,17.68898161861111
lon-3,L1,5,289.986646115,18.013094081524002
lon-3,L1,5,291.657755265,18.017989691010506
lon-3,L1,5,294.16441899,17.80141932879032
lon-3,L1,5,297.50663728999996,17.829290540847456
lon-3,L1,5,299.17774643999996,18.376564568945312
lon-3,L1,5,287.47998239000003,17.11569724105263
lon-3,L1,5,295.83552814,18.319845035321976
lon-3,L1,5,302.51996474,17.981826556393443
lon-3,L1,5,299.17774643999996,18.037538520166663
lon-3,L1,5,292.49330984,17.406812036398165
lon-3,L1,5,284.13776409,18.145075737225234
lon-3,L1,5,297.50663728999996,17.72010277053571
lon-3,L1,5,290.82220069,18.25873809230769
lon-3,L1,5,292.49330984,18.01417510466385
lon-3,L1,6,289.15109154000004,18.203895223181817
lon-3,L1,6,297.50663728999996,18.123579721042084
lon-3,L1,6,292.49330984,18.124677745555555
lon-3,L1,6,302.51996474,18.00019313785714
lon-3,L1,6,294.999973565,19.068505831963744
lon-3,L1,6,307.53329219,18.75322297786885
lon-3,L1,6,294.16441899,19.109021235485717
lon-3,L1,6,295.83552814,17.831420737035252
lon-3,L1,6,294.16441899,18.300878385128676
lon-3,L1,6,299.17774643999996,18.631669602363637
lon-3,L1,6,300.84885558999997,19.259514169224804
lon-3,L1,6,305.86218304,18.50184752708955
lon-3,L1,6,300.84885558999997,18.220736734173226
lon-3,L1,6,289.15109154000004,18.429990711562844
lon-3,L1,6,294.16441898999994,17.7619901588018
lon-3,L1,6,296.671082715,18.671916270383612
lon-3,L1,6,290.82220069,18.19790398537815
lon-3,L1,6,296.671082715,18.444955502267923
lon-3,L1,6,300.84885558999997,18.960502968673467
lon-3,L1,6,302.51996474,19.027649939849507
lon-3,L1,6,291.657755265,18.35108068320174
lon-3,L1,6,299.17774643999996,18.427449630381354
lon-3,L1,7,300.01330101499997,19.140670598097017
lon-3,L1,7,304.19107389,19.618493037936506
lon-3,L1,7,297.50663728999996,18.560373872499998
lon-3,L1,7,300.84885558999997,19.789427126119403
lon-3,L1,7,299.17774643999996,19.120554607142857
lon-3,L1,7,285.80887324,18.988747375462182
lon-3,L1,7,290.82220069,19.524619399344264
lon-3,L1,7,297.50663728999996,19.245909736573427
lon-3,L1,7,300.84885558999997,18.96695666377304
lon-3,L1,7,285.80887324,19.270508975001235
lon-3,L1,7,282.46665494,19.20877204566929
lon-3,L1,7,306.697737615,19.232323889212555
lon-3,L1,7,305.86218304,19.035678738257577
lon-3,L1,7,305.86218304,19.42844020175572
lon-3,L1,7,288.315536965,19.69820978537974
lon-3,L1,7,289.15109154000004,19.459216715614716
lon-3,L1,7,299.17774643999996,18.433881448548384
lon-3,L1,7,306.697737615,19.486685806255835
lon-3,L1,7,307.53329219,19.45666304792857
lon-3,L1,7,305.026628465,19.57263412294439
lon-3,L1,7,304.19107389,19.31710925087719
lon-3,L1,7,300.01330101499997,18.736109500959863
lon-3,L1,8,312.54661964,19.82119363808259
lon-3,L1,8,314.21772879,19.640142534927534
lon-3,L1,8,310.87551049,19.36952382253968
lon-3,L1,8,319.23105624,20.06855277346154
lon-3,L1,8,305.026628465,19.391950156643702
lon-3,L1,8,310.039955915,20.25672397625174
lon-3,L1,8,309.20440134,19.86746225333333
lon-3,L1,8,313.382174215,20.03702676492253
lon-3,L1,8,324.24438369,20.142638754561396
lon-3,L1,8,316.72439251500003,20.472338259357265
lon-3,L1,8,318.395501665,20.700943285786792
lon-3,L1,8,315.88883794000003,19.733401906581193
lon-3,L1,8,312.54661964,19.824962365701722
lon-3,L1,8,319.23105624000004,20.142105439922727
lon-3,L1,8,310.87551049,19.606044577166664
lon-3,L1,8,315.88883794000003,20.158825607574816
lon-3,L1,8,312.54661964,20.089208814720234
lon-3,L1,8,315.88883794000003,20.482562667843137
lon-3,L1,8,309.20440134,20.398466908046874
lon-3,L1,8,310.87551049,19.25372418747139
lon-3,L1,8,334.27103859,20.352210262119204
lon-3,L1,8,311.711065065,19.60734235539931
lon-3,L1,9,320.90216539,19.75380239413043
lon-3,L1,9,312.54661964,20.029886577962717
lon-3,L1,9,312.54661964,20.76272826760274
lon-3,L1,9,324.24438369,20.84290134350746
lon-3,L1,9,313.382174215,19.30072969723266
lon-3,L1,9,315.88883794000003,20.443816185039367
lon-3,L1,9,304.19107389,20.122503888617885
lon-3,L1,9,324.24438369,20.37469058022388
lon-3,L1,9,320.90216539,20.356199647905797
lon-3,L1,9,314.21772879,20.382933727464785
lon-3,L1,9,317.55994709000004,20.448390422592592
lon-3,L1,9,315.88883794000003,19.62428301968992
lon-3,L1,9,320.90216539,20.7715832379682
lon-3,L1,9,324.24438369,20.45776023177419
lon-3,L1,9,325.91549283999996,19.943788582141117
lon-3,L1,9,326.75104741499996,21.219871271484763
lon-3,L1,9,315.88883794000003,19.86746225333333
lon-3,L1,9,314.21772879,20.584252655725805
lon-3,L1,9,310.87551049,20.580419551969698
lon-3,L1,9,325.91549283999996,20.567320598976377
lon-3,L1,9,324.24438369,19.438269053656715
lon-3,L1,9,317.55994709000004,20.25763788940298
lon-3,L1,10,320.066610815,21.309957252899927
lon-3,L1,10,312.54661964,21.555355910472443
lon-3,L1,10,327.58660198999996,21.140153571513157
lon-3,L1,10,317.55994709000004,20.218088711491873
lon-3,L1,10,314.21772879,20.98497293007633
lon-3,L1,10,324.24438369,21.46797863802721
lon-3,L1,10,320.90216539,20.439454269988953
lon-3,L1,10,314.21772879,20.76608551515625
lon-3,L1,10,324.24438369,20.67529892483605
lon-3,L1,10,315.88883794000003,20.71074507967742
lon-3,L1,10,320.066610815,20.66175027218558
lon-3,L1,10,325.91549283999996,20.505066341544715
lon-3,L1,10,323.408829115,20.60577989831385
lon-3,L1,10,330.093265715,21.313805606606273
lon-3,L1,10,330.92882029,21.82809482458333
lon-3,L1,10,335.94214774,20.10511468621212
lon-3,L1,10,329.25771113999997,20.82559821724933
lon-3,L1,10,327.58660198999996,20.982331754632348
lon-3,L1,10,315.88883794000003,20.676612203373015
lon-3,L1,10,330.92882029,21.591884089094293
lon-3,L1,10,319.23105624,21.861007121942446
lon-3,L1,10,317.55994709000004,20.792478645923072
lon-3,L2,16,345.96880264000004,19.8347850438125
lon-3,L2,16,366.02211244,19.768814073647796
lon-3,L2,16,394.43096799,19.343227698451383
lon-3,L2,16,344.29769349000003,18.82826811271584
lon-3,L2,16,366.02211244,19.739173949288578
lon-3,L2,16,358.50212126499997,19.818532238176857
lon-3,L2,16,344.29769349000003,18.942936325426828
lon-3,L2,16,345.133248065,19.244379868402188
lon-3,L2,16,361.844339565,19.870505941291924
lon-3,L2,16,352.65323924,20.216019154888887
lon-3,L2,16,373.542103615,20.041740704111106
lon-3,L2,16,346.804357215,19.49407586502016
lon-3,L2,16,370.199885315,19.05066031776677
lon-3,L2,16,376.04876734000004,19.120554607142857
lon-3,L2,16,344.29769349000003,19.331505344514177
lon-3,L2,16,358.50212126499997,19.194040682009984
lon-3,L2,16,374.37765819,19.28878383843953
lon-3,L2,16,375.21321276500004,20.212435304831892
lon-3,L2,16,367.69322159,19.79662950392612
lon-3,L2,16,362.67989414,19.67381953024691
lon-3,L2,16,354.32434838999995,18.478891022715217
lon-3,L2,16,364.35100329,19.231971769834253
lon-3,L2,17,389.41764054,19.426107735129868
lon-3,L2,17,368.528776165,20.74153424580735
lon-3,L2,17,362.67989414,19.568699194857146
lon-3,L2,17,366.02211244,19.789427126119403
lon-3,L2,17,354.32434838999995,19.381376837061154
lon-3,L2,17,355.99545753999996,19.36633482081175
lon-3,L2,17,363.515448715,20.06329495948848
lon-3,L2,17,384.40431308999996,20.456806752126724
lon-3,L2,17,369.36433074,20.45776023177419
lon-3,L2,17,374.37765819000003,20.913132958
lon-3,L2,17,384.40431308999996,20.525544945072337
lon-3,L2,17,362.67989414,20.753246871775943
lon-3,L2,17,374.37765819000003,20.35007950164102
lon-3,L2,17,384.40431308999996,19.421358889897476
lon-3,L2,17,382.73320393999995,20.679976652229726
lon-3,L2,17,374.37765819000003,19.834401771666997
lon-3,L2,17,381.06209478999995,19.394685604946805
lon-3,L2,17,364.35100329,20.71338650012436
lon-3,L2,17,369.36433074,19.832869191405933
lon-3,L2,17,382.73320393999995,19.762895182866668
lon-3,L2,17,357.66656668999997,19.957606279597698
lon-3,L2,17,386.07542223999997,20.184898002964285
lon-3,L2,18,384.40431308999996,22.61608239131429
lon-3,L2,18,390.253195115,21.349715675900434
lon-3,L2,18,381.06209478999995,20.20183369959302
lon-3,L2,18,387.74653139,22.22309406054945
lon-3,L2,18,385.23986766499996,20.383593889588585
lon-3,L2,18,389.41764054,21.10806663257366
lon-3,L2,18,396.10207714,21.051785427127072
lon-3,L2,18,387.74653139,22.572831227616277
lon-3,L2,18,374.37765819000003,21.135879380295854
lon-3,L2,18,391.08874969,21.151477102741634
lon-3,L2,18,402.78651374,21.1267429744107
lon-3,L2,18,391.08874969,21.238953645092383
lon-3,L2,18,396.10207714,20.61057849015228
lon-3,L2,18,402.78651374000003,21.25457645340136
lon-3,L2,18,394.43096799,20.226911558062497
lon-3,L2,18,387.74653139,21.14988858924528
lon-3,L2,18,395.266522565,21.12067524061515
lon-3,L2,18,391.08874969,21.051240409559746
lon-3,L2,18,384.40431308999996,21.115456071810485
lon-3,L2,18,396.10207714,21.61024676111111
lon-3,L2,18,392.75985884,20.55461728782857
lon-3,L2,18,401.11540459,20.833311585787204
lon-3,L2,19,400.279850015,20.69567741356106
lon-3,L2,19,399.44429544,22.466066300442165
lon-3,L2,19,399.44429544,22.216432676859903
lon-3,L2,19,402.78651374000003,22.169363524748
lon-3,L2,19,401.11540459,22.32671073804356
lon-3,L2,19,434.53758759,22.112794710637715
lon-3,L2,19,406.12873204,21.483828497918715
lon-3,L2,19,386.07542223999997,22.952190832099998
lon-3,L2,19,416.990941515,21.811494103169004
lon-3,L2,19,407.79984118999994,23.46782545802395
lon-3,L2,19,404.45762289000004,21.9914808721875
lon-3,L2,19,427.85315099,22.389342570149317
lon-3,L2,19,400.279850015,22.10566218309601
lon-3,L2,19,435.373142165,21.94705679069878
lon-3,L2,19,421.16871439,21.51067863433557
lon-3,L2,19,416.15538693999997,21.638356188655912
lon-3,L2,19,414.48427778999996,22.147914322021276
lon-3,L2,19,406.12873204,21.84979143333401
lon-3,L2,19,427.017596415,22.22844998239306
lon-3,L2,19,427.017596415,21.579860193769928
lon-3,L2,19,424.51093269,21.918710573565416
lon-3,L2,19,411.14205948999995,22.851569688820753
lon-3,L2,20,419.49760524,23.669901179393936
lon-3,L2,20,411.14205948999995,23.979650417752804
lon-3,L2,20,404.45762289000004,22.481639015
lon-3,L2,20,436.20869673999994,23.47688397502538
lon-3,L2,20,404.45762289000004,24.761942556737417
lon-3,L2,20,429.52426014,22.947951626540537
lon-3,L2,20,422.83982354,23.38657367518386
lon-3,L2,20,437.044251315,23.874678074716556
lon-3,L2,20,427.85315099,23.735336996603515
lon-3,L2,20,446.23535164,23.600338084616634
lon-3,L2,20,429.52426014,23.528292492885335
lon-3,L2,20,417.82649609,22.721591310132453
lon-3,L2,20,432.86647844000004,23.181207444178405
lon-3,L2,20,437.044251315,24.386311956263505
lon-3,L2,20,420.333159815,23.112074460562155
lon-3,L2,20,441.22202418999996,23.101746060790695
lon-3,L2,20,442.89313333999996,23.72366869814479
lon-3,L2,20,437.87980588999994,23.582930501829786
lon-3,L2,20,451.24867909,23.688786789395046
lon-3,L2,20,432.86647844000004,23.452618955047615
lon-3,L2,20,431.19536929000003,23.569836997129183
lon-3,L2,20,427.85315099,24.145929272275303
lon-3,L2,21,422.83982354,24.884263899999997
lon-3,L2,21,430.359814715,25.480182264996465
lon-3,L2,21,429.52426014,24.671177927055833
lon-3,L2,21,426.18204184,24.13073756802029
lon-3,L2,21,429.52426014,24.59912219195
lon-3,L2,21,416.15538693999997,24.613164929274575
lon-3,L2,21,433.702033015,25.149214603860372
lon-3,L2,21,449.57756994,24.099938915079363
lon-3,L2,21,431.19536929000003,25.547355399136364
lon-3,L2,21,441.22202418999996,23.640969578869562
lon-3,L2,21,439.55091503999995,25.91998973108374
lon-3,L2,21,430.359814715,24.407744108193064
lon-3,L2,21,450.413124515,25.23727555814213
lon-3,L2,21,425.346487265,22.70263127732646
lon-3,L2,21,458.768670265,24.425856987979067
lon-3,L2,21,467.95977059,24.268026515753924
lon-3,L2,21,437.87980588999994,24.41271431130653
lon-3,L2,21,444.56424248999997,24.57298042433333
lon-3,L2,21,454.59089739,24.877056215020918
lon-3,L2,21,422.83982354,24.45122424639269
lon-3,L2,21,429.52426014,24.54147025800967
lon-3,L2,21,421.16871439,24.808571429522708
lon-3,L2,22,439.55091503999995,26.528241399497716
lon-3,L2,22,445.399797065,26.360717888583046
lon-3,L2,22,440.38646961499995,25.45359013504327
lon-3,L2,22,440.38646961499995,26.19360165623658
lon-3,L2,22,442.89313333999996,27.339325684067166
lon-3,L2,22,435.373142165,27.04107249711688
lon-3,L2,22,447.90646079,25.821281098086125
lon-3,L2,22,432.86647844000004,25.095815776666665
lon-3,L2,22,456.26200654,26.129715925789473
lon-3,L2,22,444.56424248999997,26.44251289631313
lon-3,L2,22,449.57756994,27.012020220686367
lon-3,L2,22,443.72868791499997,24.92157061054335
lon-3,L2,22,444.56424249,25.72214388024954
lon-3,L2,22,436.20869673999994,25.173850903880595
lon-3,L2,22,469.63087973999995,25.775501734699997
lon-3,L2,22,452.084233665,26.479389997966734
lon-3,L2,22,453.755342815,24.89533054572948
lon-3,L2,22,442.05757876499996,25.609787270546978
lon-3,L2,22,449.57756994,25.171589016135265
lon-3,L2,22,432.86647844,26.498958992174003
lon-3,L2,22,452.084233665,26.15934515830697
lon-3,L2,22,431.19536929000003,26.74687478403509
lon-3,L3,27,513.07971764,27.126830029961535
lon-3,L3,27,524.7774816900001,27.74232334633981
lon-3,L3,27,517.257490515,27.030089894248913
lon-3,L3,27,521.4352633899999,26.402904157499997
lon-3,L3,27,528.11969999,26.988432436696833
lon-3,L3,27,521.4352633899999,26.41593161644518
lon-3,L3,27,529.79080914,26.066795716714285
lon-3,L3,27,513.07971764,26.919227325729533
lon-3,L3,27,476.31531634,24.442271586249998
lon-3,L3,27,530.626363715,25.737315677117703
lon-3,L3,27,523.941927115,26.924618018993876
lon-3,L3,27,486.34197123999996,25.230780251338757
lon-3,L3,27,538.14635489,26.317809467400302
lon-3,L3,27,501.38195358999997,25.692753777362203
lon-3,L3,27,544.83079149,26.169879450999233
lon-3,L3,27,522.270817965,25.07294522749298
lon-3,L3,27,499.71084443999996,25.44473684894345
lon-3,L3,27,528.11969999,26.64900866435146
lon-3,L3,27,536.47524574,26.60928653342105
lon-3,L3,27,528.11969999,26.52173037393939
lon-3,L3,27,518.09304509,25.69762985544226
lon-3,L3,27,543.15968234,26.005094650289855
lon-3,L3,28,531.46191829,27.407587381010654
lon-3,L3,28,543.15968234,26.34803871929218
lon-3,L3,28,554.85744639,26.46936627855932
lon-3,L3,28,519.76415424,27.040827406811722
lon-3,L3,28,549.8441189399999,27.292112981635686
lon-3,L3,28,524.77748169,27.362654367202797
lon-3,L3,28,548.1730097899999,27.093707415783253
lon-3,L3,28,528.11969999,27.133987489152542
lon-3,L3,28,542.324127765,28.702152683878893
lon-3,L3,28,534.80413659,27.07238845012195
lon-3,L3,28,532.2974728649999,26.333921834426267
lon-3,L3,28,544.83079149,27.636759071505587
lon-3,L3,28,529.79080914,27.68856485995902
lon-3,L3,28,524.77748169,26.83860028444444
lon-3,L3,28,539.81746404,27.199655242231074
lon-3,L3,28,519.76415424,26.449771868366533
lon-3,L3,28,541.48857319,27.29260297134454
lon-3,L3,28,529.79080914,26.814726524063925
lon-3,L3,28,559.035219265,26.944377396344745
lon-3,L3,28,551.5152280899999,27.601626903599985
lon-3,L3,28,506.39528104,26.5973470571281
lon-3,L3,28,548.1730097899999,27.286269740068278
lon-3,L3,29,536.47524574,28.4046688805944
lon-3,L3,29,551.5152280899999,28.807946778233326
lon-3,L3,29,544.8307914899999,29.78429518894621
lon-3,L3,29,574.91075619,29.211377840641887
lon-3,L3,29,541.48857319,27.38004789851132
lon-3,L3,29,523.1063725399999,27.667895919662364
lon-3,L3,29,561.54188299,28.293010377266185
lon-3,L3,29,550.6796735149999,29.325336316196466
lon-3,L3,29,536.47524574,27.997995062923724
lon-3,L3,29,554.0218918149999,28.608511288825156
lon-3,L3,29,533.13302744,28.206355214599153
lon-3,L3,29,554.021891815,27.857091675268798
lon-3,L3,29,549.84411894,29.66078680994265
lon-3,L3,29,556.52855554,28.586511337177633
lon-3,L3,29,564.0485467149999,28.555469304808668
lon-3,L3,29,523.1063725399999,28.862743419653427
lon-3,L3,29,551.5152280899999,27.93464835378906
lon-3,L3,29,547.3374552150001,28.574881864954392
lon-3,L3,29,539.81746404,27.413266013501378
lon-3,L3,29,563.21299214,29.408253354306567
lon-3,L3,29,557.3641101149999,29.136378668210973
lon-3,L3,29,549.008564365,28.226738529845882
lon-3,L3,30,545.666346065,32.37438751325445
lon-3,L3,30,563.21299214,30.809274266082472
lon-3,L3,30,564.88410129,30.468510348190183
lon-3,L3,30,558.19966469,29.702273064499984
lon-3,L3,30,556.52855554,30.20926043135531
lon-3,L3,30,578.2529744899999,30.902716616106556
lon-3,L3,30,546.50190064,30.437174059149854
lon-3,L3,30,541.48857319,30.623883833184713
lon-3,L3,30,592.4574022649999,30.269895734013836
lon-3,L3,30,569.89742874,31.273087555124555
lon-3,L3,30,578.2529744899999,30.009208244377504
lon-3,L3,30,534.80413659,31.123799838862737
lon-3,L3,30,553.18633724,28.933649745921983
lon-3,L3,30,553.1863372400001,29.976914202885197
lon-3,L3,30,566.55521044,29.745028602030768
lon-3,L3,30,580.759638215,29.355383335730693
lon-3,L3,30,564.88410129,30.266503636139703
lon-3,L3,30,539.81746404,29.991623846219085
lon-3,L3,30,565.719655865,32.00297886550166
lon-3,L3,30,588.27962939,30.916058378113213
lon-3,L3,30,567.3907650149999,31.047803736925122
lon-3,L3,30,544.83079149,31.483765217626463
lon-3,L3,31,599.97739344,31.398325852593977
lon-3,L3,31,573.23964704,31.96945537377622
lon-3,L3,31,563.21299214,31.766514136310526
lon-3,L3,31,584.93741109,30.274999831128525
lon-3,L3,31,576.5818653399999,32.115522361862006
lon-3,L3,31,579.9240836399999,31.91422788564198
lon-3,L3,31,583.26630194,30.83026570265738
lon-3,L3,31,607.497384615,30.782531751705797
lon-3,L3,31,556.52855554,31.755742288531742
lon-3,L3,31,573.23964704,32.04308004739726
lon-3,L3,31,576.5818653399999,31.410306203329487
lon-3,L3,31,586.60852024,32.197012353134326
lon-3,L3,31,569.89742874,31.415803552124544
lon-3,L3,31,563.21299214,32.475910461227436
lon-3,L3,31,618.35959409,31.538496569935482
lon-3,L3,31,594.96406599,31.36984000466667
lon-3,L3,31,571.56853789,30.680647949318182
lon-3,L3,31,572.4040924650001,31.782887167816533
lon-3,L3,31,582.4307473649999,29.699580248891657
lon-3,L3,31,610.0040483399999,31.96904456576779
lon-3,L3,31,574.91075619,32.26155627613897
lon-3,L3,31,574.075201615,32.2842864307507
lon-3,L3,32,620.03070324,34.09720792508591
lon-3,L3,32,597.470729715,33.20197846347607
lon-3,L3,32,582.430747365,33.260219386216924
lon-3,L3,32,587.444074815,33.49372946458992
lon-3,L3,32,588.27962939,32.42139726153022
lon-3,L3,32,581.5951927899999,32.10796050207843
lon-3,L3,32,594.96406599,32.40093690160278
lon-3,L3,32,596.63517514,32.77327324737012
lon-3,L3,32,600.8129480150001,33.88945249440809
lon-3,L3,32,591.62184769,32.671593330884356
lon-3,L3,32,579.9240836399999,32.87228383303249
lon-3,L3,32,586.60852024,32.85216441018314
lon-3,L3,32,579.9240836399999,33.86595717064515
lon-3,L3,32,606.6618300399999,32.079959662313435
lon-3,L3,32,603.31961174,32.81311603715569
lon-3,L3,32,594.96406599,31.876615568020476
lon-3,L3,32,604.99072089,33.24104021301754
lon-3,L3,32,604.9907208899999,33.22236353826477
lon-3,L3,32,574.91075619,32.401380024135136
lon-3,L3,32,598.30628429,33.151556425938374
lon-3,L3,32,596.63517514,32.649333287054475
lon-3,L3,32,592.4574022649999,32.730827137524024
lon-3,L3,33,586.60852024,33.1607982555126
lon-3,L3,33,593.29295684,34.1266082260606
lon-3,L3,33,603.31961174,34.65177225323959
lon-3,L3,33,626.7151398399999,34.07308091246813
lon-3,L3,33,604.9907208899999,35.1389877739595
lon-3,L3,33,608.3329391899999,33.16192696891447
lon-3,L3,33,623.37292154,33.97752191723602
lon-3,L3,33,596.63517514,33.66975637273832
lon-3,L3,33,586.60852024,33.14978682915441
lon-3,L3,33,608.3329391899999,34.10832726968531
lon-3,L3,33,597.4707297150001,33.86724353427857
lon-3,L3,33,589.95073854,31.86609050857627
lon-3,L3,33,609.168493765,32.641108067346444
lon-3,L3,33,610.0040483399999,33.31639623950769
lon-3,L3,33,615.852930365,33.335628331265
lon-3,L3,33,615.01737579,33.96355228653089
lon-3,L3,33,615.852930365,34.554258313300856
lon-3,L3,33,615.852930365,33.74868797824129
lon-3,L3,33,620.03070324,34.907466219805194
lon-3,L3,33,596.63517514,34.387166917530124
lon-3,L3,33,623.37292154,34.110218403103445
lon-3,L3,33,614.1818212149999,33.67308272545161
N2,L1,1,266.591118015,16.054382173561734
N2,L1,1,272.44000004,15.948208016034615
N2,L1,1,269.09778173999996,15.983542493142853
N2,L1,1,267.42667259,16.01499123614035
N2,L1,1,264.08445429,16.399676753163263
N2,L1,1,278.288882065,16.744481474777075
N2,L1,1,269.09778173999996,16.0644346469344
N2,L1,1,267.42667258999995,15.605695095658263
N2,L1,1,264.08445429,16.10500224121495
N2,L1,1,269.09778173999996,16.6203795388421
N2,L1,1,265.75556344,16.465082470807005
N2,L1,1,274.11110919,16.85640844448703
N2,L1,1,273.275554615,15.82391577052781
N2,L1,1,277.45332749,16.968573171089105
N2,L1,1,277.45332749,16.635444120015414
N2,L1,1,269.09778173999996,17.23168072504132
N2,L1,1,272.44000004,17.116110705513556
N2,L1,1,269.09778173999996,16.902931905051545
N2,L1,1,272.44000004,16.55484131870229
N2,L1,1,276.617772915,15.976849474437262
N2,L1,1,267.42667259,16.92651339645833
N2,L1,1,268.262227165,16.349790303618732
N2,L1,2,281.631100365,17.24302322751963
N2,L1,2,270.76889088999997,16.721196416283185
N2,L1,2,274.11110919,16.448923411153846
N2,L1,2,279.12443664,16.657977912277225
N2,L1,2,288.315536965,17.54027177587389
N2,L1,2,297.50663728999996,16.582390570530972
N2,L1,2,281.631100365,17.653617086263502
N2,L1,2,280.79554579,16.772276967519996
N2,L1,2,268.262227165,16.97122957790789
N2,L1,2,282.46665494,17.029371440954904
N2,L1,2,280.79554579,17.253285491666666
N2,L1,2,280.79554579,16.562748233867925
N2,L1,2,285.80887324,16.837948996822426
N2,L1,2,284.13776409,16.901586260208042
N2,L1,2,277.45332749,17.041144017876896
N2,L1,2,289.15109154000004,17.5324694176699
N2,L1,2,286.64442781500003,17.240521735735427
N2,L1,2,275.78221834,16.065023327272723
N2,L1,2,274.94666376500004,16.59398531571972
N2,L1,2,279.12443664,17.11569724105263
N2,L1,2,294.999973565,16.96509669163816
N2,L1,2,280.79554579,16.582390570530972
N2,L1,3,277.45332749,16.83062906663468
N2,L1,3,282.46665494,16.59974130125
N2,L1,3,274.11110919,16.582655178624726
N2,L1,3,275.78221834,16.772496338996497
N2,L1,3,267.42667259,16.691359645700935
N2,L1,3,277.45332749,16.699549171572475
N2,L1,3,275.78221834,16.192085024059406
N2,L1,3,279.12443664,16.562748233867925
N2,L1,3,275.78221834,16.99880810778761
N2,L1,3,274.11110919,16.548594364608693
N2,L1,3,282.46665494,16.962821407037033
N2,L1,3,285.80887324,17.164669330254235
N2,L1,3,279.12443664,16.702932489210525
N2,L1,3,277.45332749,17.041325213693693
N2,L1,3,283.302209515,16.581925892902916
N2,L1,3,276.617772915,16.473454622945674
N2,L1,3,284.13776409,16.739786484910713
N2,L1,3,279.12443664,16.544770294579436
N2,L1,3,279.12443664,17.37739086217483
N2,L1,3,275.78221834,17.148718421199998
N2,L1,3,269.09778173999996,16.657977912277225
N2,L1,3,280.79554579,17.193832642237457
N2,L1,4,282.46665494,17.517101495137613
N2,L1,4,285.80887324,16.26680369481132
N2,L1,4,287.47998239000003,17.212438979765622
N2,L1,4,288.31553696500004,17.22875780413287
N2,L1,4,288.31553696500004,17.760561798837102
N2,L1,4,292.49330984,16.81327554168316
N2,L1,4,289.986646115,16.709649271001023
N2,L1,4,289.15109154000004,17.850223492362204
N2,L1,4,300.84885558999997,17.619270238299997
N2,L1,4,293.328864415,17.62679530484033
N2,L1,4,297.50663728999996,16.897757452079997
N2,L1,4,292.49330984,17.188578146080857
N2,L1,4,290.82220069,17.348346464818178
N2,L1,4,290.82220069,17.13761395353982
N2,L1,4,297.50663728999996,17.51590233148547
N2,L1,4,292.49330984,17.407060595294116
N2,L1,4,300.01330101499997,17.486110609502603
N2,L1,4,287.47998239000003,17.129257708216688
N2,L1,4,298.34219186499996,17.361507693301384
N2,L1,4,287.47998239000003,16.879831668571427
N2,L1,4,295.83552813999995,17.40549589667043
N2,L1,4,287.47998239000003,17.565426000522386
N2,L1,5,295.83552814,17.669830140503663
N2,L1,5,299.17774643999996,18.373646960952378
N2,L1,5,309.20440134,18.009452323553717
N2,L1,5,294.999973565,17.4330258190598
N2,L1,5,294.16441899,17.41415790776923
N2,L1,5,295.83552814,17.82712917105691
N2,L1,5,298.34219186499996,18.06111041910237
N2,L1,5,300.84885558999997,17.829290540847456
N2,L1,5,292.49330984,17.94880040990826
N2,L1,5,287.47998239000003,17.714610802549018
N2,L1,5,304.19107389,18.184923791304335
N2,L1,5,300.84885558999997,17.72249670529914
N2,L1,5,297.50663728999996,17.88916632558558
N2,L1,5,302.51996474,18.09270004816513
N2,L1,5,300.01330101499997,17.910996002624962
N2,L1,5,306.697737615,17.658345301474384
N2,L1,5,292.49330984,17.98931584203883
N2,L1,5,295.83552814,18.344241148110235
N2,L1,5,294.999973565,17.560261008329725
N2,L1,5,292.49330984,17.277717050186915
N2,L1,5,296.671082715,17.969708904355837
N2,L1,5,303.355519315,17.664236199636576
N2,L1,6,310.87551049,18.90544520504
N2,L1,6,303.355519315,18.03950037889962
N2,L1,6,296.671082715,18.639935773942028
N2,L1,6,310.87551049,18.531751499197075
N2,L1,6,300.84885558999997,18.50184752708955
N2,L1,6,289.15109154000004,17.85655705205128
N2,L1,6,302.51996474,18.461518448739497
N2,L1,6,306.697737615,18.002730188285778
N2,L1,6,309.20440134,18.592254076910567
N2,L1,6,302.51996474,18.595700585495496
N2,L1,6,298.34219186499996,18.856561387368636
N2,L1,6,300.84885558999997,18.042803234305637
N2,L1,6,305.026628465,18.25854032429025
N2,L1,6,309.20440134,18.373646960952378
N2,L1,6,310.87551049,18.867255492347823
N2,L1,6,315.88883794000003,18.27900302844464
N2,L1,6,305.86218304,19.02560871991525
N2,L1,6,310.87551049,18.526858785811967
N2,L1,6,305.026628465,18.138620021617776
N2,L1,6,304.19107389,18.412957889699246
N2,L1,6,310.87551049,18.618900217910447
N2,L1,6,307.53329219,18.914509355071548
N2,L1,7,300.01330101499997,19.183852637683344
N2,L1,7,310.87551049,18.99606999944444
N2,L1,7,316.72439251500003,19.255687683431077
N2,L1,7,316.724392515,18.947037530112468
N2,L1,7,315.88883794000003,19.087110981194026
N2,L1,7,314.21772879,18.822760590523
N2,L1,7,319.23105624,18.769395443676515
N2,L1,7,307.53329219,19.302857685524334
N2,L1,7,299.17774643999996,18.357049013259257
N2,L1,7,312.54661964,19.120554607142857
N2,L1,7,303.355519315,18.792705028769646
N2,L1,7,318.395501665,19.309419939573978
N2,L1,7,325.91549283999996,19.90327289390411
N2,L1,7,317.55994709000004,19.039953062589927
N2,L1,7,310.87551049,18.918943462910583
N2,L1,7,312.54661964,18.821791548666663
N2,L1,7,315.88883794000003,19.04193274964912
N2,L1,7,321.737719965,18.702821024262278
N2,L1,7,320.066610815,19.848655226270978
N2,L1,7,315.053283365,19.08423842828281
N2,L1,7,302.51996474,18.560373872499998
N2,L1,7,319.23105624,18.16024477632653
N2,L1,8,325.91549283999996,19.947338643946132
N2,L1,8,322.57327454,19.88796615501785
N2,L1,8,329.25771113999997,19.265637387338128
N2,L1,8,344.29769349000003,20.40567511602941
N2,L1,8,320.066610815,19.717666063361747
N2,L1,8,329.25771113999997,19.86746225333333
N2,L1,8,322.57327454,19.53997197769597
N2,L1,8,325.91549283999996,19.79113592452555
N2,L1,8,340.11992061499996,19.656021485845585
N2,L1,8,321.737719965,19.76484061673581
N2,L1,8,336.777702315,19.93470944222245
N2,L1,8,319.23105624,20.002387505548388
N2,L1,8,335.106593165,20.15234125554099
N2,L1,8,324.24438369,19.906479816940298
N2,L1,8,322.57327454,20.134604404160584
N2,L1,8,336.777702315,20.083087005466787
N2,L1,8,335.94214774,20.118136737328765
N2,L1,8,329.25771113999997,19.833459674475293
N2,L1,8,332.59992944,20.155923137379304
N2,L1,8,344.29769349000003,20.36203623527027
N2,L1,8,340.95547519,20.20844183094203
N2,L1,8,320.90216539,20.023532507761193
N2,L1,9,335.106593165,20.525304007792833
N2,L1,9,342.62658434,21.449727135394735
N2,L1,9,339.28436604,21.103897208175674
N2,L1,9,342.62658434,21.05298585994402
N2,L1,9,355.99545753999996,20.9686394508847
N2,L1,9,355.99545753999996,20.8686363322695
N2,L1,9,329.25771113999997,20.22811465464663
N2,L1,9,349.31102094,20.89388748490797
N2,L1,9,334.27103859,20.120435205583767
N2,L1,9,339.28436604,20.97917291290574
N2,L1,9,350.98213009,20.781510072097902
N2,L1,9,330.92882029,21.40731979787671
N2,L1,9,328.42215656499997,21.481432254014493
N2,L1,9,337.61325689,20.62993047548611
N2,L1,9,335.94214774,20.484472917577637
N2,L1,9,330.92882029,20.42889618872483
N2,L1,9,342.62658434,20.382933727464785
N2,L1,9,350.98213009,20.370188553653843
N2,L1,9,355.99545753999996,20.865724832516683
N2,L1,9,340.95547519,20.51074496352047
N2,L1,9,332.59992944,20.721070991836733
N2,L1,9,327.58660198999996,20.677267385518796
N2,L1,10,332.59992944,20.372268800413792
N2,L1,10,332.59992944,21.303848259233053
N2,L1,10,347.63991179,21.266599111690137
N2,L1,10,355.99545753999996,20.979059943916873
N2,L1,10,340.95547519,20.422974815187498
N2,L1,10,330.92882029,20.535748042030075
N2,L1,10,340.95547519,20.871017180139987
N2,L1,10,339.28436604,20.448390422592592
N2,L1,10,348.475466365,21.028999768423247
N2,L1,10,337.61325689,20.990114850368098
N2,L1,10,337.61325689,20.588614463448277
N2,L1,10,340.95547519,20.937492488761514
N2,L1,10,345.133248065,20.680622420732192
N2,L1,10,334.27103859,20.710694691817455
N2,L1,10,339.28436604,20.990114850368098
N2,L1,10,340.95547519,21.025169104928572
N2,L1,10,343.462138915,20.756985386390184
N2,L1,10,342.62658434,20.804960126482754
N2,L1,10,334.27103859,20.77099226158061
N2,L1,10,340.95547519,21.021305789517243
N2,L1,10,339.28436604,20.738854507222218
N2,L1,10,338.448811465,21.15722837239871
N2,L2,17,411.14205948999995,20.326089755380117
N2,L2,17,381.06209478999995,20.36029885594262
N2,L2,17,381.06209478999995,19.29840845687177
N2,L2,17,402.78651374000003,21.232386403230088
N2,L2,17,362.67989414,19.841579315099008
N2,L2,17,372.70654904,19.62723493454454
N2,L2,17,389.41764054,20.21391941451807
N2,L2,17,384.40431308999996,19.834160638535028
N2,L2,17,406.964286615,20.438272108486842
N2,L2,17,402.78651374000003,20.10647270011428
N2,L2,17,387.74653139,20.828356561470606
N2,L2,17,389.41764054,20.298918729727443
N2,L2,17,400.279850015,19.48481219891478
N2,L2,17,388.582085965,19.770042027639555
N2,L2,17,372.70654904,19.637039941358857
N2,L2,17,399.44429544,20.8877198298805
N2,L2,17,401.11540458999997,20.733875122914284
N2,L2,17,411.14205948999995,20.164527794431816
N2,L2,17,396.10207714,20.24717507905028
N2,L2,17,402.78651374,20.166817500730126
N2,L2,17,414.48427778999996,20.397362948265766
N2,L2,17,411.14205948999995,20.279549230541868
N2,L2,18,394.43096799,20.83844219338095
N2,L2,18,411.14205948999995,21.59140584751351
N2,L2,18,386.07542223999997,21.854236592199996
N2,L2,18,410.30650491499995,20.830161452872233
N2,L2,18,414.48427778999996,20.53899389853211
N2,L2,18,387.74653139,20.45776023177419
N2,L2,18,413.64872321499996,22.10920526416451
N2,L2,18,414.48427778999996,22.015326403459458
N2,L2,18,414.48427778999996,22.481639015
N2,L2,18,408.63539576499994,21.633921536843033
N2,L2,18,411.14205948999995,21.11602428875622
N2,L2,18,416.15538693999997,20.553147961311474
N2,L2,18,416.15538693999997,20.983590404954363
N2,L2,18,404.45762289000004,19.917734883365384
N2,L2,18,430.359814715,21.503927032793584
N2,L2,18,401.95095916500003,20.903796612422617
N2,L2,18,406.12873204000005,21.361277545714284
N2,L2,18,427.85315099,21.543537306267947
N2,L2,18,412.81316863999996,20.62206997835051
N2,L2,18,402.78651374000003,19.835386464846625
N2,L2,18,415.31983236499997,21.38292800478301
N2,L2,18,406.964286615,21.082701180378375
N2,L2,19,416.15538693999997,22.980297009999997
N2,L2,19,462.94644314000004,22.73571107051405
N2,L2,19,432.86647844000004,21.811674116281402
N2,L2,19,422.83982354,21.987909875264886
N2,L2,19,427.85315099,23.079032281624777
N2,L2,19,416.15538693999997,22.523133884232802
N2,L2,19,421.16871439,22.108185191904766
N2,L2,19,416.15538693999997,21.806156963390578
N2,L2,19,422.83982354,22.884969143942858
N2,L2,19,432.86647844000004,23.138834290279327
N2,L2,19,431.19536929000003,22.30540237938202
N2,L2,19,424.51093268999995,25.00388500819373
N2,L2,19,426.18204184,21.355220446402953
N2,L2,19,456.26200653999996,22.083550343223386
N2,L2,19,436.20869673999994,23.504577747826087
N2,L2,19,444.56424248999997,22.061503464017857
N2,L2,19,436.20869673999994,22.402094492741334
N2,L2,19,443.72868791499997,22.505318833258087
N2,L2,19,437.87980588999994,22.43630647
N2,L2,19,444.56424248999997,22.2922059163285
N2,L2,19,426.18204184,22.920967835029963
N2,L2,19,442.05757876499996,22.43785728150373
N2,L2,20,464.61755228999994,23.865614947647057
N2,L2,20,434.53758759000004,22.744307493444975
N2,L2,20,458.76867026499997,24.34411079875659
N2,L2,20,454.59089739,24.316722033833493
N2,L2,20,447.070906215,23.53701479927159
N2,L2,20,486.34197124,24.565239568610956
N2,L2,20,451.24867909,23.216876229218748
N2,L2,20,460.439779415,24.958211491371877
N2,L2,20,446.23535164,23.277258029420288
N2,L2,20,449.57756994,24.28387373826959
N2,L2,20,459.60422484,24.167461611099387
N2,L2,20,468.795325165,24.878235480787822
N2,L2,20,471.30198888999996,24.578157011980196
N2,L2,20,443.72868791499997,23.45961116794775
N2,L2,20,467.95977058999995,23.922103761224488
N2,L2,20,471.30198888999996,24.303641000404035
N2,L2,20,453.755342815,23.166301753060772
N2,L2,20,466.28866143999994,24.63201022217742
N2,L2,20,461.27533399000004,23.94797936302507
N2,L2,20,474.64420719,24.53276232030769
N2,L2,20,466.28866143999994,23.920635397568805
N2,L2,20,444.56424248999997,23.423354381855546
N2,L2,21,457.93311569,24.915527724137927
N2,L2,21,439.55091503999995,25.32997449260993
N2,L2,21,469.63087973999995,24.462075955656566
N2,L2,21,447.90646079,24.034529200563345
N2,L2,21,439.55091503999995,24.958763497163606
N2,L2,21,469.63087973999995,25.139285459056765
N2,L2,21,447.90646079,24.98014423853982
N2,L2,21,441.22202418999996,24.15299792819672
N2,L2,21,448.742015365,24.814580484023594
N2,L2,21,442.05757876499996,24.69622207399229
N2,L2,21,472.97309803999997,24.70825762918107
N2,L2,21,484.67086209,24.49232330704776
N2,L2,21,477.150870915,25.075860228867683
N2,L2,21,444.56424248999997,25.232128255348528
N2,L2,21,462.94644314000004,25.224592957044333
N2,L2,21,452.91978824,24.198546230148
N2,L2,21,472.97309803999997,25.53536762154867
N2,L2,21,471.30198888999996,24.72434139079631
N2,L2,21,470.46643431499996,25.28384040420187
N2,L2,21,482.164198365,24.354113505452148
N2,L2,21,502.21750816499997,24.466342307524638
N2,L2,21,467.95977058999995,25.997256039310344
N2,L2,22,486.34197124,26.691839483789472
N2,L2,22,462.94644314,26.948285901655908
N2,L2,22,488.01308039,25.52399990142241
N2,L2,22,484.67086209,24.841316783159314
N2,L2,22,482.99975294,26.263514466792536
N2,L2,22,454.59089738999995,26.312188526024144
N2,L2,22,471.30198888999996,26.68982599719512
N2,L2,22,472.97309803999997,26.54420261634513
N2,L2,22,461.27533399,26.22135553533327
N2,L2,22,454.59089739,25.78780374299019
N2,L2,22,488.01308039,25.854770320376343
N2,L2,22,467.95977058999995,26.674991942897957
N2,L2,22,482.99975294,26.718946422716414
N2,L2,22,489.68418954000003,25.618651128999996
N2,L2,22,489.68418954000003,27.37484167145299
N2,L2,22,487.177525815,26.494110054421895
N2,L2,22,472.97309803999997,25.954202176019898
N2,L2,22,462.94644314,25.96903868655112
N2,L2,22,478.821980065,26.259050213614202
N2,L2,22,474.64420719,25.959893301585673
N2,L2,22,476.31531634,25.772700831026786
N2,L2,22,483.835307515,26.444394085690977
N2,L3,27,549.8441189399999,26.669943719175627
N2,L3,27,523.941927115,26.20282714433239
N2,L3,27,513.07971764,27.339562632834006
N2,L3,27,503.05306274,26.53812019689655
N2,L3,27,526.44859084,25.51648789923372
N2,L3,27,517.257490515,27.528905030154597
N2,L3,27,551.5152280899999,27.05557398162778
N2,L3,27,544.83079149,27.537154405330575
N2,L3,27,523.1063725399999,26.754062229962685
N2,L3,27,543.15968234,27.139080371992335
N2,L3,27,543.15968234,27.339123170761244
N2,L3,27,519.76415424,27.666422925638887
N2,L3,27,526.44859084,27.88823186299242
N2,L3,27,544.83079149,27.233646981127922
N2,L3,27,545.666346065,27.34409628395921
N2,L3,27,532.2974728649999,26.576366057349727
N2,L3,27,546.50190064,28.163382295432992
N2,L3,27,549.8441189399999,27.187157185999997
N2,L3,27,546.50190064,26.463422528877167
N2,L3,27,546.50190064,25.892963847488787
N2,L3,27,510.573053915,25.953062052408008
N2,L3,27,535.6396911649999,26.825336807685915
N2,L3,28,550.6796735149999,28.7880658541215
N2,L3,28,546.50190064,28.451326246865673
N2,L3,28,541.48857319,28.158942707256962
N2,L3,28,558.19966469,28.48812542056856
N2,L3,28,541.48857319,28.749364021887548
N2,L3,28,551.5152280899999,28.399979713345726
N2,L3,28,554.85744639,27.406018496279067
N2,L3,28,546.50190064,28.139041895012184
N2,L3,28,559.87077384,29.26971144655462
N2,L3,28,528.11969999,28.171317849215683
N2,L3,28,543.15968234,27.949825268761465
N2,L3,28,538.981909465,27.470191133389932
N2,L3,28,558.19966469,27.928191446318852
N2,L3,28,549.8441189399999,28.437244720150375
N2,L3,28,552.350782665,28.091873933786665
N2,L3,28,552.350782665,28.394033661938373
N2,L3,28,528.11969999,27.27998635347224
N2,L3,28,563.21299214,28.13193459504522
N2,L3,28,541.48857319,28.628487076216217
N2,L3,28,556.52855554,29.0260953217931
N2,L3,28,554.85744639,29.50784644505576
N2,L3,28,534.80413659,27.826057525899465
N2,L3,29,581.5951927899999,30.11710579412541
N2,L3,29,565.719655865,29.73971319456404
N2,L3,29,581.5951927899999,30.082860675846156
N2,L3,29,567.3907650149999,29.84046092911724
N2,L3,29,545.666346065,28.26853853171283
N2,L3,29,561.54188299,30.353537255420115
N2,L3,29,544.83079149,29.343853014374996
N2,L3,29,573.23964704,29.330045742746478
N2,L3,29,568.22631959,29.908387504761066
N2,L3,29,549.8441189399999,29.294647949845558
N2,L3,29,560.7063284149999,29.262553905585065
N2,L3,29,554.85744639,29.85942676459259
N2,L3,29,563.21299214,30.163571410204778
N2,L3,29,544.83079149,29.084243563241102
N2,L3,29,554.85744639,28.94019336735294
N2,L3,29,556.52855554,29.4828250548659
N2,L3,29,551.5152280899999,29.16004371082031
N2,L3,29,561.54188299,30.210509440797097
N2,L3,29,576.58186534,29.49238578492424
N2,L3,29,566.55521044,28.804509452387542
N2,L3,29,571.56853789,30.6012905114841
N2,L3,29,558.19966469,28.74513635671141
N2,L3,30,573.23964704,31.25649807513986
N2,L3,30,579.0885290649999,30.04721281091433
N2,L3,30,584.93741109,33.01219547596475
N2,L3,30,577.417419915,30.734057642421597
N2,L3,30,581.5951927899999,31.7946437284375
N2,L3,30,568.22631959,31.825930418404255
N2,L3,30,578.2529744899999,29.763988565357142
N2,L3,30,588.27962939,31.387364099507774
N2,L3,30,571.56853789,32.24941139162455
N2,L3,30,570.732983315,30.25649115154274
N2,L3,30,588.27962939,32.693854709856105
N2,L3,30,572.4040924650001,29.30888266734393
N2,L3,30,574.075201615,32.54700186908853
N2,L3,30,584.93741109,31.513289415415166
N2,L3,30,582.4307473649999,32.385959145940575
N2,L3,30,583.26630194,31.942199985962368
N2,L3,30,593.29295684,31.70480250624346
N2,L3,30,594.96406599,31.39232754670251
N2,L3,30,599.97739344,30.99800865626018
N2,L3,30,574.91075619,30.560908260523377
N2,L3,30,581.5951927899999,32.7749600140625
N2,L3,30,589.95073854,32.08615883442599
N2,L3,31,583.26630194,33.774882625400004
N2,L3,31,589.1151839649999,33.214046035060996
N2,L3,31,586.60852024,32.73671639316431
N2,L3,31,580.759638215,32.31562266548987
N2,L3,31,586.60852024,33.51435111084746
N2,L3,31,579.0885290649999,33.09864118441001
N2,L3,31,576.58186534,32.25223322388704
N2,L3,31,583.26630194,31.864461134701862
N2,L3,31,592.4574022649999,33.207305953910954
N2,L3,31,581.5951927899999,32.854017779032255
N2,L3,31,594.96406599,32.549752218716215
N2,L3,31,594.96406599,33.596592008848916
N2,L3,31,603.31961174,33.85883083690141
N2,L3,31,579.9240836399999,31.354175734203917
N2,L3,31,564.88410129,31.463914185709342
N2,L3,31,611.67515749,34.2517073196876
N2,L3,31,584.93741109,33.19074933520689
N2,L3,31,584.93741109,32.988831352922716
N2,L3,31,604.9907208899999,34.38931254257976
N2,L3,31,594.96406599,32.92031725641379
N2,L3,31,594.96406599,34.15110847687285
N2,L3,31,603.31961174,32.94726816665529
N2,L3,32,607.497384615,33.65577051129699
N2,L3,32,584.101856515,33.62892848856944
N2,L3,32,604.9907208899999,33.756683659443794
N2,L3,32,604.99072089,33.291613191621614
N2,L3,32,616.68848494,33.78267644431677
N2,L3,32,599.97739344,34.85343301095917
N2,L3,32,605.826275465,33.35433980086411
N2,L3,32,602.484057165,33.603990441712554
N2,L3,32,606.6618300399999,33.501063316529084
N2,L3,32,609.168493765,32.90359499836835
N2,L3,32,589.95073854,33.484191817052285
N2,L3,32,599.97739344,34.16317013881119
N2,L3,32,594.96406599,33.87653493432056
N2,L3,32,620.03070324,34.046889371993664
N2,L3,32,607.497384615,33.85683687243467
N2,L3,32,610.0040483399999,33.688867777112904
N2,L3,32,614.1818212149999,33.59725870205513
N2,L3,32,602.484057165,33.0257593405556
N2,L3,32,596.63517514,33.67266537674157
N2,L3,32,594.128511415,32.60540712545095
N2,L3,32,601.64850259,33.23946291887147
N2,L3,32,594.128511415,33.16462106474704
N2,L3,33,611.67515749,34.50357415407523
N2,L3,33,604.99072089,33.66254367807432
N2,L3,33,611.67515749,34.21911722677852
N2,L3,33,613.34626664,34.17941987781144
N2,L3,33,610.0040483399999,35.0613302675071
N2,L3,33,613.34626664,34.39580436528506
N2,L3,33,585.7729656649999,33.13702655217625
N2,L3,33,619.195148665,34.45417874608028
N2,L3,33,615.01737579,33.654558873082195
N2,L3,33,624.2084761149999,34.307566639557415
N2,L3,33,608.3329391899999,33.65919878996677
N2,L3,33,605.826275465,34.1507261682999
N2,L3,33,621.70181239,33.809738315555556
N2,L3,33,600.812948015,34.04296919878051
N2,L3,33,615.01737579,34.28504318131313
N2,L3,33,615.01737579,33.99514092276595
N2,L3,33,606.6618300399999,33.73860425401361
N2,L3,33,626.71513984,33.809738315555556
N2,L3,33,613.34626664,34.269056521671686
N2,L3,33,608.3329391899999,32.79300401174518
N2,L3,33,610.0040483399999,34.07280012805031
N2,L3,33,614.1818212149999,34.239718540834616
